,wpm,acc,rawWpm,consistency,charStats,testDuration,language
0,119.12,98.68,119.12,83.59,"149,0,0,0",15.01,english
1,111.2,99.29,111.2,76.97,"139,0,0,0",15.0,english
2,93.6,98.32,93.6,69.66,"117,0,0,0",15.0,english
3,101.6,98.5,104.8,79.88,"127,1,0,0",15.0,english
4,100.8,91.22,105.6,74.13,"126,1,1,0",15.0,english
5,94.4,96.83,99.2,75.49,"118,0,1,0",15.0,english
6,108.8,99.27,108.8,70.12,"136,0,0,0",15.0,english
7,88.0,92.91,88.0,76.83,"110,0,0,0",15.0,english
8,112.0,98.59,112.0,72.76,"140,0,0,0",15.0,english
9,96.0,94.66,96.0,73.4,"120,0,0,0",15.0,english
10,98.4,92.65,108.0,72.85,"123,5,2,0",15.0,english
11,109.53,96.67,115.92,84.51,"137,2,0,0",15.01,english
12,104.8,96.5,110.4,69.88,"131,2,0,0",15.0,english
13,105.6,95.17,116.0,75.91,"132,3,2,0",15.0,english
14,96.8,93.28,100.0,64.97,"121,2,0,0",15.0,english
15,106.4,95.86,116.0,70.82,"133,5,0,0",15.0,english
16,88.0,92.74,88.0,68.32,"110,0,0,0",15.0,english
17,104.8,97.76,104.8,69.02,"131,0,0,0",15.0,english
18,105.6,98.56,110.4,85.58,"132,0,1,0",15.0,english
19,104.0,99.24,104.0,74.41,"130,0,0,0",15.0,english
20,93.6,92.37,99.2,73.4,"117,2,0,0",15.0,english
21,93.6,95.2,93.6,71.05,"117,0,0,0",15.0,english
22,104.8,95.71,108.0,74.45,"131,1,0,0",15.0,english
23,101.6,96.97,101.6,72.73,"127,0,0,0",15.0,english
24,103.2,97.04,103.2,71.89,"129,0,0,0",15.0,english
25,84.0,91.67,103.2,72.73,"105,5,0,2",15.0,english
26,104.0,95.65,104.0,74.53,"130,0,0,0",15.0,english
27,91.2,89.21,111.2,76.87,"114,9,2,0",15.0,english
28,101.6,96.21,101.6,69.17,"127,0,0,0",15.0,english
29,89.6,94.26,95.2,66.45,"112,2,1,0",15.0,english
30,112.0,100.0,112.0,81.37,"140,0,0,0",15.0,english
31,98.4,93.28,98.4,66.43,"123,0,0,0",15.0,english
32,104.0,99.24,104.0,79.75,"130,0,0,0",15.0,english
33,100.0,99.21,100.0,68.12,"125,0,0,0",15.0,english
34,109.6,100.0,109.6,81.3,"137,0,0,0",15.0,english
35,95.2,97.58,95.2,68.32,"119,0,0,0",15.0,english
36,93.6,95.31,99.2,74.37,"117,2,0,0",15.0,english
37,93.6,96.69,93.6,73.04,"117,0,0,0",15.0,english
38,97.6,98.39,97.6,80.02,"122,0,0,0",15.0,english
39,81.6,90.98,94.4,84.53,"102,3,2,0",15.0,english
40,87.2,92.0,96.8,66.73,"109,4,2,0",15.0,english
41,84.8,91.94,91.2,67.71,"106,3,0,1",15.0,english
42,104.73,100.0,104.73,76.92,"131,0,0,0",15.01,english
43,109.6,100.0,109.6,78.15,"137,0,0,0",15.0,english
44,106.19,97.84,106.19,74.63,"133,0,0,0",15.03,english
45,80.8,87.39,85.6,56.75,"101,3,1,0",15.0,english
46,104.0,95.62,104.0,76.73,"130,0,0,0",15.0,english
47,115.2,99.32,115.2,81.83,"144,0,0,0",15.0,english
48,101.6,100.0,101.6,76.43,"127,0,0,0",15.0,english
49,96.8,93.85,96.8,63.36,"121,0,0,0",15.0,english
50,84.0,90.91,88.8,58.67,"105,2,0,0",15.0,english
51,93.6,96.06,98.4,62.7,"117,0,1,0",15.0,english
52,89.54,93.08,94.34,80.39,"112,0,1,0",15.01,english
53,97.6,93.33,103.2,74.34,"122,2,1,0",15.0,english
54,99.2,89.44,108.8,70.66,"124,6,1,1",15.0,english
55,116.8,98.03,121.6,79.34,"146,2,0,0",15.0,english
56,100.0,98.43,100.0,73.46,"125,0,0,0",15.0,english
57,80.0,89.74,86.4,59.43,"100,1,1,0",15.0,english
58,99.93,95.45,99.93,61.05,"125,0,0,0",15.01,english
59,110.4,97.9,114.4,78.72,"138,2,0,0",15.0,english
60,112.8,99.3,112.8,79.28,"141,0,0,0",15.0,english
61,99.2,97.64,99.2,78.93,"124,0,0,0",15.0,english
62,97.6,96.88,97.6,71.34,"122,0,0,0",15.0,english
63,101.6,93.53,111.2,76.21,"127,6,1,0",15.0,english
64,104.0,96.32,104.0,63.0,"130,0,0,0",15.0,english
65,104.0,97.04,104.0,74.66,"130,0,0,0",15.0,english
66,108.0,95.74,108.0,72.59,"135,0,0,0",15.0,english
67,81.6,94.55,85.6,59.67,"102,2,0,0",15.0,english
68,100.0,98.43,100.0,71.77,"125,0,0,0",15.0,english
69,88.0,90.15,100.0,58.91,"110,5,0,1",15.0,english
70,116.72,95.45,120.72,77.1,"146,4,0,1",15.01,english
71,108.0,98.56,111.2,75.56,"135,1,0,0",15.0,english
72,105.6,94.41,114.4,78.04,"132,6,1,0",15.0,english
73,119.2,98.04,119.2,78.46,"149,0,0,0",15.0,english
74,106.4,95.74,106.4,71.51,"133,0,0,0",15.0,english
75,105.53,96.4,109.53,75.56,"132,2,0,0",15.01,english
76,99.2,90.41,112.0,75.55,"124,5,2,0",15.0,english
77,113.6,96.05,121.6,79.03,"142,2,2,0",15.0,english
78,116.0,100.0,116.0,82.42,"145,0,0,0",15.0,english
79,106.4,96.38,106.4,68.2,"133,0,0,0",15.0,english
80,109.6,95.92,109.6,74.68,"137,0,0,0",15.0,english
81,115.92,95.48,119.12,82.81,"145,2,0,0",15.01,english
82,113.6,96.03,117.6,81.34,"142,2,0,0",15.0,english
83,122.4,100.0,122.4,84.31,"153,0,0,0",15.0,english
84,128.8,98.18,132.0,83.74,"161,2,0,0",15.0,english
85,101.53,97.78,101.53,74.34,"127,0,0,0",15.01,english
86,103.2,96.32,105.6,63.66,"129,1,0,0",15.0,english
87,120.8,98.72,120.8,76.5,"151,0,0,0",15.0,english
88,116.0,98.03,121.6,79.03,"145,2,0,0",15.0,english
89,100.0,91.72,111.2,69.16,"125,4,0,0",15.0,english
90,108.0,97.12,108.0,73.72,"135,0,0,0",15.0,english
91,99.93,94.7,99.93,70.31,"125,0,0,0",15.01,english
92,96.8,97.58,96.8,58.25,"121,0,0,0",15.0,english
93,106.33,89.35,135.11,86.46,"133,9,3,2",15.01,english
94,107.2,97.1,107.2,76.45,"134,0,0,0",15.0,english
95,108.8,97.87,112.8,73.43,"136,2,0,0",15.0,english
96,104.0,96.35,108.8,74.44,"130,2,1,0",15.0,english
97,111.13,99.29,111.13,79.15,"139,0,0,0",15.01,english
98,84.74,82.31,112.72,73.87,"106,8,7,2",15.01,english
99,113.52,99.3,113.52,74.35,"142,0,0,0",15.01,english
100,89.6,96.67,89.6,64.65,"112,0,0,0",15.0,english
101,97.53,94.62,97.53,62.17,"122,0,0,0",15.01,english
102,110.4,95.95,116.0,79.44,"138,4,0,1",15.0,english
103,113.52,97.93,113.52,71.82,"142,0,0,0",15.01,english
104,112.72,97.97,118.32,83.93,"141,2,0,0",15.01,english
105,87.94,92.5,87.94,59.71,"110,0,0,0",15.01,english
106,104.0,92.16,120.0,79.69,"130,5,1,0",15.0,english
107,98.33,93.42,103.13,71.66,"123,0,1,0",15.01,english
108,120.0,99.34,120.0,83.54,"150,0,0,0",15.0,english
109,113.6,95.97,118.4,83.37,"142,3,1,0",15.0,english
110,116.8,97.42,122.4,76.12,"146,0,1,0",15.0,english
111,109.6,96.0,109.6,79.67,"137,0,0,0",15.0,english
112,86.4,89.55,102.4,69.02,"108,6,0,0",15.0,english
113,108.0,91.08,125.6,82.26,"135,9,2,0",15.0,english
114,120.0,95.03,128.8,88.48,"150,5,1,0",15.0,english
115,120.8,98.71,124.0,82.1,"151,0,1,0",15.0,english
116,96.0,87.26,124.8,76.37,"120,10,3,2",15.0,english
117,95.2,93.94,100.8,67.02,"119,2,0,0",15.0,english
118,97.6,92.2,110.4,71.78,"122,4,2,0",15.0,english
119,107.2,95.07,110.4,77.89,"134,2,0,0",15.0,english
120,124.8,96.93,128.8,83.24,"156,2,0,1",15.0,english
121,105.6,93.2,116.8,69.69,"132,5,1,0",15.0,english
122,100.73,94.24,106.33,78.98,"126,1,0,1",15.01,english
123,122.4,98.08,122.4,80.83,"153,0,0,0",15.0,english
124,115.2,98.63,115.2,75.27,"144,0,0,0",15.0,english
125,107.2,93.96,117.6,76.62,"134,1,4,1",15.0,english
126,112.8,93.75,128.0,88.82,"141,4,2,1",15.0,english
127,91.2,86.09,117.6,73.48,"114,11,1,1",15.0,english
128,116.8,94.58,132.8,83.03,"146,4,2,0",15.0,english
129,112.0,96.75,123.2,86.47,"140,3,0,2",15.0,english
130,110.4,88.82,128.8,87.52,"138,13,1,2",15.0,english
131,117.6,95.0,125.6,78.99,"147,2,1,0",15.0,english
132,114.4,93.21,129.6,84.8,"143,8,0,1",15.0,english
133,118.4,99.33,118.4,78.11,"148,0,0,0",15.0,english
134,116.0,95.48,123.2,79.8,"145,4,0,0",15.0,english
135,116.8,98.66,116.8,66.42,"146,0,0,0",15.0,english
136,92.8,93.55,92.8,68.01,"116,0,0,0",15.0,english
137,106.4,96.55,116.0,72.07,"133,3,0,0",15.0,english
138,116.0,91.02,133.6,83.98,"145,9,3,0",15.0,english
139,120.0,96.2,124.0,77.3,"150,2,0,0",15.0,english
140,107.2,95.24,117.6,79.19,"134,3,2,0",15.0,english
141,112.0,99.3,114.4,77.06,"140,1,0,0",15.0,english
142,105.6,98.54,109.6,77.79,"132,1,0,0",15.0,english
143,120.0,95.27,135.2,83.64,"150,4,1,1",15.0,english
144,108.73,97.9,108.73,57.75,"136,0,0,0",15.01,english
145,99.2,96.3,106.4,72.79,"124,2,0,0",15.0,english
146,108.8,97.14,108.8,77.64,"136,0,0,0",15.0,english
147,112.57,99.3,112.57,77.22,"141,0,0,0",15.03,english
148,93.6,93.02,97.6,67.45,"117,2,0,0",15.0,english
149,107.2,99.26,107.2,74.02,"134,0,0,0",15.0,english
150,106.33,96.5,112.72,74.63,"133,2,0,0",15.01,english
151,104.8,97.84,104.8,62.33,"131,0,0,0",15.0,english
152,110.4,100.0,110.4,81.73,"138,0,0,0",15.0,english
153,104.0,97.01,104.0,75.66,"130,0,0,0",15.0,english
154,91.2,89.86,109.6,72.73,"114,9,1,0",15.0,english
155,100.0,93.71,111.2,74.06,"125,2,1,0",15.0,english
156,116.0,100.0,116.0,82.42,"145,0,0,0",15.0,english
157,109.6,94.81,123.2,86.47,"137,4,1,1",15.0,english
158,110.4,94.77,122.4,86.04,"138,5,1,0",15.0,english
159,113.6,100.0,113.6,78.57,"142,0,0,0",15.0,english
160,97.6,93.48,110.4,78.92,"122,5,1,1",15.0,english
161,116.0,99.32,116.0,76.73,"145,0,0,0",15.0,english
162,90.4,93.13,102.4,63.93,"113,3,1,1",15.0,english
163,106.4,100.0,106.4,82.11,"133,0,0,0",15.0,english
164,100.0,97.06,104.8,65.96,"125,1,0,0",15.0,english
165,101.6,99.22,101.6,73.67,"127,0,0,0",15.0,english
166,92.8,94.31,94.4,75.53,"116,2,0,0",15.0,english
167,101.6,100.0,101.6,74.17,"127,0,0,0",15.0,english
168,97.53,96.12,97.53,61.62,"122,0,0,0",15.01,english
169,124.0,100.0,124.0,86.01,"155,0,0,0",15.0,english
170,104.0,93.01,108.0,75.22,"130,2,0,1",15.0,english
171,96.8,96.18,101.6,76.18,"121,1,0,1",15.0,english
172,101.6,96.27,101.6,75.66,"127,0,0,0",15.0,english
173,100.8,97.76,107.2,80.2,"126,2,0,0",15.0,english
174,108.0,97.83,108.0,69.47,"135,0,0,0",15.0,english
175,103.2,98.48,103.2,75.73,"129,0,0,0",15.0,english
176,92.0,94.12,108.8,84.16,"115,4,1,1",15.0,english
177,92.0,90.3,104.0,69.84,"115,6,0,1",15.0,english
178,105.6,93.71,112.8,74.35,"132,4,1,1",15.0,english
179,104.8,97.14,112.0,80.18,"131,2,0,1",15.0,english
180,117.6,99.34,121.6,82.4,"147,1,0,0",15.0,english
181,109.6,98.56,109.6,81.74,"137,0,0,0",15.0,english
182,91.2,93.02,95.2,68.29,"114,3,0,1",15.0,english
183,116.0,98.0,120.0,83.67,"145,2,0,0",15.0,english
184,109.6,100.0,109.6,84.07,"137,0,0,0",15.0,english
185,102.4,97.81,109.6,86.82,"128,0,1,1",15.0,english
186,93.6,95.16,93.6,72.61,"117,0,0,0",15.0,english
187,110.4,97.89,113.6,76.58,"138,2,0,1",15.0,english
188,113.6,100.0,113.6,84.16,"142,0,0,0",15.0,english
189,115.2,100.0,115.2,83.95,"144,0,0,0",15.0,english
190,107.13,97.81,107.13,81.3,"134,0,0,0",15.01,english
191,96.0,88.89,114.4,80.68,"120,8,3,1",15.0,english
192,114.4,97.35,120.8,90.78,"143,2,0,2",15.0,english
193,108.0,97.83,108.0,90.12,"135,0,0,0",15.0,english
194,97.6,92.25,113.6,83.25,"122,6,2,0",15.0,english
195,105.6,97.06,108.8,76.02,"132,3,0,1",15.0,english
196,106.4,98.52,106.4,78.15,"133,0,0,0",15.0,english
197,96.8,92.65,104.8,72.55,"121,4,0,1",15.0,english
198,105.6,99.25,105.6,79.06,"132,0,0,0",15.0,english
199,94.4,91.79,107.2,78.97,"118,7,1,1",15.0,english
200,106.4,98.54,108.8,68.31,"133,0,0,1",15.0,english
201,100.8,97.01,104.8,69.29,"126,1,0,0",15.0,english
202,113.6,99.31,113.6,79.59,"142,0,0,0",15.0,english
203,96.8,96.24,104.8,76.39,"121,0,1,1",15.0,english
204,100.0,92.81,108.0,74.32,"125,4,0,1",15.0,english
205,106.33,95.0,110.33,75.36,"133,4,0,1",15.01,english
206,103.2,99.23,103.2,76.67,"129,0,0,0",15.0,english
207,97.6,99.19,97.6,84.45,"122,0,0,0",15.0,english
208,99.2,92.75,110.4,81.73,"124,5,2,0",15.0,english
209,117.52,96.82,125.52,82.6,"147,3,0,0",15.01,english
210,120.0,98.06,124.0,84.73,"150,2,0,0",15.0,english
211,99.2,86.5,128.8,84.65,"124,13,2,0",15.0,english
212,106.4,93.38,120.8,85.28,"133,6,1,0",15.0,english
213,96.0,92.48,101.6,71.81,"120,3,1,0",15.0,english
214,97.6,86.25,128.0,86.45,"122,13,4,0",15.0,english
215,103.2,95.71,109.6,72.71,"129,2,0,0",15.0,english
216,91.2,84.93,114.4,76.14,"114,13,2,0",15.0,english
217,107.2,95.14,112.0,71.08,"134,1,1,0",15.0,english
218,95.2,87.33,114.4,80.34,"119,8,1,0",15.0,english
219,91.2,85.51,102.4,77.13,"114,8,2,0",15.0,english
220,104.0,89.19,116.8,69.97,"130,9,3,0",15.0,english
221,125.6,96.93,125.6,79.32,"157,0,0,0",15.0,english
222,98.4,92.91,110.4,73.71,"123,5,1,0",15.0,english
223,98.4,89.17,125.6,89.04,"123,8,3,1",15.0,english
224,97.6,90.07,97.6,71.51,"122,0,0,0",15.0,english
225,101.6,96.24,101.6,67.09,"127,0,0,0",15.0,english
226,119.12,98.72,124.72,84.78,"149,0,1,0",15.01,english
227,126.4,100.0,126.4,84.16,"158,0,0,0",15.0,english
228,93.6,86.0,117.6,74.7,"117,11,3,0",15.0,english
229,117.6,96.79,124.8,73.77,"147,2,2,0",15.0,english
230,101.6,94.96,105.6,63.37,"127,0,1,0",15.0,english
231,100.0,97.01,104.8,65.45,"125,0,1,0",15.0,english
232,102.4,90.91,111.2,68.92,"128,6,1,0",15.0,english
233,108.8,90.26,119.2,80.05,"136,7,1,0",15.0,english
234,93.6,88.28,108.8,75.04,"117,7,2,0",15.0,english
235,99.2,92.2,108.8,70.22,"124,3,1,0",15.0,english
236,93.6,88.11,112.8,76.12,"117,10,1,1",15.0,english
237,107.2,95.77,109.6,70.66,"134,1,0,0",15.0,english
238,100.8,94.29,105.6,63.59,"126,0,1,0",15.0,english
239,113.6,97.93,113.6,68.7,"142,0,0,0",15.0,english
240,99.2,96.95,99.2,58.54,"124,0,0,0",15.0,english
241,100.8,92.96,105.6,68.94,"126,1,1,0",15.0,english
242,97.6,89.86,112.0,70.89,"122,4,2,0",15.0,english
243,97.6,95.42,101.6,73.4,"122,0,1,0",15.0,english
244,103.13,94.41,113.52,74.06,"129,4,1,1",15.01,english
245,115.2,93.71,121.6,76.18,"144,2,0,0",15.0,english
246,114.4,88.37,137.6,86.17,"143,12,3,4",15.0,english
247,102.33,93.66,111.93,77.22,"128,4,0,5",15.01,english
248,104.0,92.76,120.0,68.21,"130,5,1,0",15.0,english
249,113.6,96.0,118.4,71.95,"142,2,1,0",15.0,english
250,112.0,94.74,121.6,74.55,"140,4,2,0",15.0,english
251,104.0,95.68,109.6,81.32,"130,2,1,0",15.0,english
252,112.0,93.42,116.8,80.64,"140,2,1,0",15.0,english
253,104.8,92.72,108.8,80.99,"131,1,0,1",15.0,english
254,120.8,98.08,124.8,79.89,"151,2,0,0",15.0,english
255,131.91,100.0,131.91,84.08,"165,0,0,0",15.01,english
256,108.0,98.6,108.0,74.35,"135,0,0,0",15.0,english
257,99.2,93.43,99.2,75.4,"124,0,0,0",15.0,english
258,101.6,92.31,101.6,71.12,"127,0,0,0",15.0,english
259,115.2,96.73,115.2,74.89,"144,0,0,0",15.0,english
260,112.0,95.92,112.0,82.84,"140,0,0,0",15.0,english
261,120.0,98.68,120.0,79.34,"150,0,0,0",15.0,english
262,97.6,92.65,104.0,64.11,"122,3,2,0",15.0,english
263,115.2,94.19,120.0,82.1,"144,3,1,0",15.0,english
264,106.4,90.79,121.6,81.67,"133,8,3,0",15.0,english
265,101.6,95.07,112.0,70.16,"127,4,0,1",15.0,english
266,104.8,97.1,108.8,76.45,"131,0,1,0",15.0,english
267,109.6,95.89,114.4,75.84,"137,2,0,0",15.0,english
268,112.8,97.95,112.8,80.34,"141,0,0,0",15.0,english
269,108.8,95.27,117.6,83.5,"136,2,2,0",15.0,english
270,108.0,95.83,113.6,75.41,"135,2,1,0",15.0,english
271,91.14,95.24,99.93,78.35,"114,1,2,0",15.01,english
272,102.4,92.57,116.8,76.63,"128,4,2,0",15.0,english
273,96.8,96.18,101.6,77.69,"121,0,1,0",15.0,english
274,94.4,95.2,94.4,69.75,"118,0,0,0",15.0,english
275,96.0,89.05,105.6,76.06,"120,7,1,0",15.0,english
276,103.2,97.04,107.2,83.27,"129,2,0,0",15.0,english
277,110.4,97.28,117.6,80.93,"138,0,2,0",15.0,english
278,104.0,93.24,118.4,83.5,"130,6,1,0",15.0,english
279,116.8,98.66,119.2,80.05,"146,0,1,0",15.0,english
280,103.2,93.92,118.4,78.15,"129,4,2,0",15.0,english
281,89.6,89.31,101.6,70.3,"112,7,1,0",15.0,english
282,108.0,95.83,112.8,74.83,"135,1,1,0",15.0,english
283,99.2,93.75,115.2,77.24,"124,6,0,1",15.0,english
284,105.6,91.95,119.2,73.12,"132,7,2,1",15.0,english
285,95.2,93.38,105.6,74.38,"119,4,1,0",15.0,english
286,94.4,90.65,108.0,77.9,"118,5,1,1",15.0,english
287,83.2,83.67,116.8,70.38,"104,14,2,1",15.0,english
288,97.6,92.86,111.2,75.36,"122,6,1,1",15.0,english
289,108.8,93.04,125.6,80.43,"136,6,1,0",15.0,english
290,95.2,94.03,104.8,71.55,"119,2,1,0",15.0,english
291,109.6,96.58,115.2,76.43,"137,3,0,0",15.0,english
292,105.6,98.52,105.6,70.75,"132,0,0,0",15.0,english
293,98.4,93.43,109.6,79.28,"123,5,2,0",15.0,english
294,91.2,91.79,104.8,69.29,"114,5,0,0",15.0,english
295,103.2,100.0,103.2,80.18,"129,0,0,0",15.0,english
296,106.4,97.1,109.6,79.68,"133,2,0,1",15.0,english
297,108.8,97.92,115.2,71.08,"136,1,1,0",15.0,english
298,83.2,87.68,108.0,73.61,"104,8,2,0",15.0,english
299,97.6,91.55,110.4,74.45,"122,5,0,2",15.0,english
300,114.4,98.67,120.0,87.89,"143,0,1,0",15.0,english
301,106.4,92.76,121.6,83.94,"133,7,1,1",15.0,english
302,103.2,95.21,115.2,89.08,"129,3,1,0",15.0,english
303,96.0,92.75,109.6,71.88,"120,6,1,0",15.0,english
304,91.2,90.44,107.2,76.02,"114,6,2,0",15.0,english
305,112.0,91.36,128.8,89.74,"140,8,2,0",15.0,english
306,109.6,95.89,115.2,74.7,"137,2,1,0",15.0,english
307,116.0,98.67,120.0,84.51,"145,0,1,0",15.0,english
308,101.6,97.73,101.6,65.49,"127,0,0,0",15.0,english
309,97.6,88.97,114.4,81.24,"122,8,3,0",15.0,english
310,101.6,93.57,108.0,76.31,"127,2,1,0",15.0,english
311,124.72,98.14,128.71,89.53,"156,2,0,0",15.01,english
312,111.2,97.26,116.0,88.46,"139,2,0,0",15.0,english
313,98.4,90.78,109.6,69.22,"123,5,2,0",15.0,english
314,107.2,95.14,111.2,69.62,"134,2,0,0",15.0,english
315,111.2,96.0,120.0,90.34,"139,4,0,0",15.0,english
316,99.2,97.64,99.2,70.48,"124,0,0,0",15.0,english
317,108.8,98.59,113.6,78.92,"136,0,1,0",15.0,english
318,92.8,95.16,92.8,63.46,"116,0,0,0",15.0,english
319,108.8,97.84,108.8,67.4,"136,0,0,0",15.0,english
320,114.4,96.67,119.2,72.68,"143,2,1,0",15.0,english
321,119.2,94.55,132.0,86.31,"149,6,0,0",15.0,english
322,100.0,91.55,112.8,77.55,"125,7,2,0",15.0,english
323,93.6,94.49,93.6,60.76,"117,0,0,0",15.0,english
324,114.4,95.06,128.8,76.05,"143,1,3,0",15.0,english
325,104.0,93.84,112.8,66.15,"130,2,1,1",15.0,english
326,109.6,98.56,109.6,75.25,"137,0,0,0",15.0,english
327,98.4,94.89,109.6,76.73,"123,4,1,0",15.0,english
328,100.8,94.2,110.4,86.14,"126,6,1,0",15.0,english
329,92.0,92.37,100.8,71.81,"115,4,0,0",15.0,english
330,82.4,86.36,102.4,72.42,"103,5,4,0",15.0,english
331,94.4,92.75,109.6,79.68,"118,4,2,0",15.0,english
332,105.6,97.87,112.8,83.16,"132,2,0,0",15.0,english
333,104.0,95.14,114.4,77.89,"130,2,2,0",15.0,english
334,92.0,91.67,101.6,73.37,"115,5,1,0",15.0,english
335,98.4,94.12,107.2,80.08,"123,2,2,0",15.0,english
336,92.0,95.2,96.8,69.75,"115,1,1,0",15.0,english
337,97.6,90.48,117.6,80.57,"122,7,3,0",15.0,english
338,93.6,98.32,93.6,75.02,"117,0,0,0",15.0,english
339,102.4,93.48,107.2,68.7,"128,3,1,0",15.0,english
340,115.2,97.99,119.2,86.02,"144,2,0,0",15.0,english
341,119.92,96.79,124.72,87.94,"150,3,1,0",15.01,english
342,100.0,95.56,105.6,81.41,"125,1,1,0",15.0,english
343,90.4,89.86,110.4,77.83,"113,9,1,0",15.0,english
344,110.4,93.46,122.4,86.04,"138,7,1,0",15.0,english
345,108.0,98.55,108.0,78.92,"135,0,0,0",15.0,english
346,108.8,92.5,126.4,81.04,"136,4,3,0",15.0,english
347,120.8,96.84,125.6,77.84,"151,2,1,0",15.0,english
348,112.0,92.31,124.8,87.94,"140,9,1,0",15.0,english
349,97.6,87.42,125.6,79.68,"122,10,3,2",15.0,english
350,117.6,95.51,120.8,78.13,"147,3,0,0",15.0,english
351,111.2,97.96,116.0,83.67,"139,0,1,0",15.0,english
352,124.72,98.17,131.11,89.2,"156,2,0,0",15.01,english
353,112.8,98.61,114.4,70.59,"141,1,0,0",15.0,english
354,124.8,98.73,124.8,76.78,"156,0,0,0",15.0,english
355,121.6,95.78,132.8,84.36,"152,4,1,0",15.0,english
356,108.8,97.93,115.2,73.38,"136,2,0,0",15.0,english
357,110.4,96.0,118.4,82.11,"138,1,1,1",15.0,english
358,116.0,93.87,128.8,81.33,"145,6,0,0",15.0,english
359,96.0,93.98,104.0,79.88,"120,3,1,0",15.0,english
360,97.53,93.53,102.33,77.55,"122,2,1,0",15.01,english
361,110.4,97.96,117.6,81.3,"138,2,0,0",15.0,english
362,104.8,93.38,120.8,88.26,"131,5,2,0",15.0,english
363,120.0,97.44,124.0,83.61,"150,2,0,0",15.0,english
364,104.0,96.3,104.0,67.04,"130,0,0,0",15.0,english
365,103.2,95.74,108.8,63.0,"129,1,1,0",15.0,english
366,103.13,89.93,115.92,76.62,"129,8,2,0",15.01,english
367,124.8,100.0,124.8,90.19,"156,0,0,0",15.0,english
368,106.4,91.14,125.6,79.24,"133,4,5,0",15.0,english
369,99.13,94.74,103.13,70.63,"124,2,0,0",15.01,english
370,111.2,93.51,122.4,80.37,"139,6,1,0",15.0,english
371,112.0,98.62,116.0,81.24,"140,0,1,0",15.0,english
372,116.8,98.01,120.8,82.43,"146,2,0,0",15.0,english
373,106.4,99.25,106.4,73.68,"133,0,0,0",15.0,english
374,103.2,98.48,103.2,77.58,"129,0,0,0",15.0,english
375,96.8,95.31,96.8,61.54,"121,0,0,0",15.0,english
376,96.0,94.74,104.0,81.19,"120,3,0,1",15.0,english
377,108.0,99.27,108.0,79.28,"135,0,0,0",15.0,english
378,102.4,96.32,108.0,78.89,"128,2,1,0",15.0,english
379,93.6,94.57,100.0,69.44,"117,2,0,0",15.0,english
380,104.8,96.43,110.4,82.21,"131,2,0,0",15.0,english
381,102.4,93.79,116.0,83.68,"128,6,0,0",15.0,english
382,107.2,91.61,124.0,80.75,"134,8,1,1",15.0,english
383,101.6,94.2,107.2,74.84,"127,2,1,0",15.0,english
384,107.2,100.0,107.2,82.43,"134,0,0,0",15.0,english
385,81.6,86.82,100.8,73.22,"102,9,1,0",15.0,english
386,86.4,90.77,104.8,75.55,"108,8,2,0",15.0,english
387,83.14,93.55,99.13,73.33,"104,4,1,1",15.01,english
388,73.6,82.31,104.0,72.16,"92,14,2,2",15.0,english
389,110.4,96.6,116.8,80.93,"138,3,0,1",15.0,english
390,100.8,93.15,116.8,77.04,"126,6,1,1",15.0,english
391,93.6,86.9,116.0,82.83,"117,11,4,0",15.0,english
392,104.0,96.4,109.6,77.9,"130,2,0,0",15.0,english
393,105.6,94.56,116.8,83.67,"132,4,1,0",15.0,english
394,97.53,94.85,108.73,81.78,"122,4,1,0",15.01,english
395,100.8,93.57,112.0,83.1,"126,3,3,0",15.0,english
396,89.6,88.28,115.2,78.08,"112,9,3,0",15.0,english
397,97.6,97.66,101.6,79.1,"122,1,0,1",15.0,english
398,96.0,99.17,96.0,82.2,"120,0,0,0",15.0,english
399,80.0,88.89,100.8,85.71,"100,8,1,1",15.0,english
400,90.4,94.31,98.4,81.53,"113,5,0,0",15.0,english
401,67.2,89.81,86.4,78.36,"84,6,1,3",15.0,english
402,98.4,99.21,101.6,81.27,"123,0,0,1",15.0,english
403,96.8,96.9,102.4,82.6,"121,1,1,0",15.0,english
404,81.6,89.47,104.8,82.11,"102,6,2,2",15.0,english
405,96.8,94.12,107.2,69.47,"121,3,1,1",15.0,english
406,103.2,92.41,116.0,81.24,"129,7,1,1",15.0,english
407,98.4,90.85,112.0,78.92,"123,6,1,3",15.0,english
408,108.8,97.87,112.8,76.44,"136,1,1,0",15.0,english
409,88.0,90.48,93.6,62.67,"110,2,1,0",15.0,english
410,99.93,98.43,99.93,73.11,"125,0,0,0",15.01,english
411,87.2,92.0,97.6,69.75,"109,4,1,1",15.0,english
412,99.2,96.27,107.2,76.71,"124,2,1,0",15.0,english
413,94.4,90.51,103.2,63.18,"118,3,1,1",15.0,english
414,107.2,95.86,113.6,78.74,"134,2,0,0",15.0,english
415,96.74,92.36,115.12,88.72,"121,5,2,1",15.01,english
416,97.6,96.92,103.2,77.84,"122,1,1,0",15.0,english
417,92.0,95.38,104.0,81.32,"115,4,0,0",15.0,english
418,93.6,95.9,93.6,73.11,"117,0,0,0",15.0,english
419,97.53,97.6,97.53,75.34,"122,0,0,0",15.01,english
420,94.4,94.66,102.4,71.2,"118,4,0,2",15.0,english
421,80.8,85.83,100.0,74.53,"101,9,3,1",15.0,english
422,84.8,95.5,84.8,66.25,"106,0,0,0",15.0,english
423,100.0,96.92,100.0,69.43,"125,0,0,0",15.0,english
424,94.4,93.18,103.2,70.02,"118,3,1,0",15.0,english
425,113.6,96.62,116.8,83.09,"142,2,0,0",15.0,english
426,102.33,93.43,107.93,75.08,"128,5,1,0",15.01,english
427,93.6,97.54,97.6,73.87,"117,2,0,0",15.0,english
428,100.0,98.47,100.0,77.3,"125,0,0,0",15.0,english
429,92.8,95.87,95.2,72.67,"116,3,0,0",15.0,english
430,107.93,94.48,114.32,79.08,"135,4,1,0",15.01,english
431,86.4,87.59,105.6,78.52,"108,8,1,0",15.0,english
432,94.4,92.42,105.6,79.17,"118,7,1,0",15.0,english
433,92.0,93.8,101.6,68.29,"115,3,1,0",15.0,english
434,85.6,92.19,96.0,70.09,"107,2,1,0",15.0,english
435,99.93,96.92,99.93,77.05,"125,0,0,0",15.01,english
436,79.2,94.44,79.2,58.76,"99,0,0,0",15.0,english
437,97.6,97.69,104.0,76.67,"122,2,0,0",15.0,english
438,96.8,97.58,96.8,80.51,"121,0,0,0",15.0,english
439,100.0,100.0,100.0,77.8,"125,0,0,0",15.0,english
440,100.0,98.46,104.0,80.85,"125,0,1,0",15.0,english
441,100.0,100.0,100.0,76.95,"125,0,0,0",15.0,english
442,80.0,86.61,98.4,72.77,"100,8,1,1",15.0,english
443,102.4,95.62,107.2,76.73,"128,2,0,0",15.0,english
444,102.4,93.84,116.8,77.98,"128,4,2,0",15.0,english
445,100.0,93.33,103.2,66.31,"125,3,0,0",15.0,english
446,97.6,91.61,113.6,76.43,"122,7,1,1",15.0,english
447,114.4,97.35,118.4,69.99,"143,1,0,0",15.0,english
448,104.8,97.12,110.4,74.32,"131,2,0,0",15.0,english
449,105.6,96.48,113.6,77.55,"132,2,1,0",15.0,english
450,109.6,95.89,116.0,74.98,"137,4,0,0",15.0,english
451,115.2,100.0,115.2,77.89,"144,0,0,0",15.0,english
452,98.4,88.67,120.0,89.05,"123,11,2,0",15.0,english
453,100.0,92.47,115.2,81.83,"125,5,1,0",15.0,english
454,102.33,94.37,111.93,80.77,"128,3,1,0",15.01,english
455,103.2,95.07,112.8,75.95,"129,3,1,1",15.0,english
456,102.33,97.74,106.33,72.73,"128,2,0,0",15.01,english
457,107.2,96.43,111.2,78.33,"134,2,1,0",15.0,english
458,99.2,89.17,124.0,81.26,"124,8,2,1",15.0,english
459,91.2,94.21,94.4,65.69,"114,3,0,1",15.0,english
460,88.8,90.58,109.6,79.68,"111,5,3,0",15.0,english
461,96.8,90.85,112.0,71.43,"121,7,2,0",15.0,english
462,104.73,93.06,111.93,68.7,"131,4,0,1",15.01,english
463,100.8,94.85,105.6,76.36,"126,2,0,0",15.0,english
464,104.0,95.07,112.0,75.95,"130,3,1,0",15.0,english
465,91.2,88.55,97.6,77.3,"114,4,1,0",15.0,english
466,103.2,92.91,111.2,73.43,"129,5,1,0",15.0,english
467,88.0,88.24,105.6,73.76,"110,8,0,0",15.0,english
468,107.2,96.48,112.0,66.63,"134,2,0,0",15.0,english
469,100.8,92.86,108.8,83.1,"126,4,0,1",15.0,english
470,101.6,93.88,117.6,75.51,"127,5,1,0",15.0,english
471,90.4,95.9,92.0,62.49,"113,1,0,0",15.0,english
472,97.6,93.66,113.6,78.92,"122,6,0,0",15.0,english
473,106.4,93.15,116.8,80.7,"133,6,2,0",15.0,english
474,102.4,96.99,104.8,68.14,"128,1,1,0",15.0,english
475,119.2,100.0,119.2,85.08,"149,0,0,0",15.0,english
476,94.4,93.02,103.2,64.03,"118,5,2,0",15.0,english
477,100.0,95.04,111.2,78.44,"125,4,0,0",15.0,english
478,93.6,93.75,98.4,68.02,"117,2,0,0",15.0,english
479,105.6,100.0,105.6,70.6,"132,0,0,0",15.0,english
480,106.4,96.43,110.4,77.64,"133,2,0,0",15.0,english
481,89.54,88.24,103.13,73.15,"112,4,2,1",15.01,english
482,112.8,97.96,117.6,81.67,"141,2,0,0",15.0,english
483,100.0,93.57,112.0,75.99,"125,4,2,1",15.0,english
484,99.2,93.28,102.4,78.97,"124,3,0,1",15.0,english
485,98.4,94.89,109.6,83.1,"123,3,2,0",15.0,english
486,108.8,100.0,108.8,75.35,"136,0,0,0",15.0,english
487,107.2,97.81,107.2,75.73,"134,0,0,0",15.0,english
488,111.93,98.59,111.93,79.64,"140,0,0,0",15.01,english
489,112.0,100.0,112.0,88.48,"140,0,0,0",15.0,english
490,100.0,99.21,100.0,74.73,"125,0,0,0",15.0,english
491,86.4,98.2,86.4,73.52,"108,0,0,0",15.0,english
492,105.6,93.38,120.0,80.31,"132,5,1,0",15.0,english
493,108.0,98.62,116.0,78.74,"135,0,1,0",15.0,english
494,89.6,95.8,93.6,74.6,"112,2,0,0",15.0,english
495,88.0,97.35,88.8,75.35,"110,1,0,0",15.0,english
496,81.6,92.19,102.4,67.74,"102,6,0,1",15.0,english
497,108.8,99.28,111.2,77.55,"136,1,0,0",15.0,english
498,103.2,93.48,106.4,66.99,"129,3,0,1",15.0,english
499,113.6,94.12,122.4,82.39,"142,6,1,1",15.0,english
500,111.13,96.05,121.52,84.35,"139,3,1,0",15.01,english
501,104.0,91.03,121.6,79.29,"130,8,0,0",15.0,english
502,118.4,96.84,126.4,82.03,"148,3,0,0",15.0,english
503,104.0,93.06,115.2,79.59,"130,7,1,0",15.0,english
504,90.4,88.59,119.2,76.91,"113,7,4,1",15.0,english
505,88.0,89.13,107.2,77.83,"110,8,0,0",15.0,english
506,118.4,98.08,124.8,85.19,"148,2,0,0",15.0,english
507,116.0,98.0,120.0,79.34,"145,2,0,0",15.0,english
508,108.0,95.21,113.6,73.09,"135,1,1,0",15.0,english
509,108.0,96.55,113.6,80.13,"135,1,1,0",15.0,english
510,112.0,90.85,131.2,86.45,"140,9,2,0",15.0,english
511,104.0,97.06,108.0,78.89,"130,2,0,0",15.0,english
512,86.4,91.13,96.8,72.61,"108,5,0,2",15.0,english
513,99.2,93.1,116.0,86.04,"124,6,1,6",15.0,english
514,96.0,99.19,98.4,73.21,"120,1,0,0",15.0,english
515,92.8,95.45,103.2,76.09,"116,2,0,0",15.0,english
516,104.0,94.24,104.0,74.32,"130,0,0,0",15.0,english
517,93.6,93.89,103.2,74.07,"117,3,1,0",15.0,english
518,101.6,94.81,104.8,67.8,"127,3,0,0",15.0,english
519,100.0,98.45,100.0,67.72,"125,0,0,0",15.0,english
520,97.53,93.38,107.93,68.43,"122,4,2,0",15.01,english
521,106.4,97.84,106.4,72.29,"133,0,0,0",15.0,english
522,94.4,93.7,97.6,73.46,"118,2,0,0",15.0,english
523,95.2,94.85,108.0,75.68,"119,4,0,0",15.0,english
524,96.8,95.42,100.8,75.1,"121,2,1,0",15.0,english
525,106.4,97.14,111.2,75.36,"133,2,0,0",15.0,english
526,107.2,98.53,107.2,75.35,"134,0,0,0",15.0,english
527,119.12,99.34,119.12,80.65,"149,0,0,0",15.01,english
528,99.2,95.62,109.6,84.07,"124,4,0,0",15.0,english
529,109.6,99.28,109.6,75.25,"137,0,0,0",15.0,english
530,109.6,96.75,123.2,83.52,"137,2,1,0",15.0,english
531,116.8,94.61,133.6,85.38,"146,6,1,0",15.0,english
532,93.6,96.8,98.4,71.05,"117,0,1,0",15.0,english
533,103.2,96.99,103.2,70.06,"129,0,0,0",15.0,english
534,126.4,100.0,126.4,89.11,"158,0,0,0",15.0,english
535,105.6,97.1,109.6,82.61,"132,2,0,0",15.0,english
536,103.93,94.89,107.13,72.93,"130,2,1,0",15.01,english
537,100.8,94.33,104.8,78.44,"126,1,1,0",15.0,english
538,107.2,97.12,107.2,66.23,"134,0,0,0",15.0,english
539,104.8,94.29,108.8,74.75,"131,3,1,0",15.0,english
540,125.6,100.0,125.6,80.0,"157,0,0,0",15.0,english
541,91.2,93.44,95.2,64.41,"114,4,0,0",15.0,english
542,102.4,97.73,102.4,75.04,"128,0,0,0",15.0,english
543,108.0,97.83,108.0,72.16,"135,0,0,0",15.0,english
544,114.4,98.62,114.4,89.54,"143,0,0,0",15.0,english
545,84.8,94.07,84.8,60.94,"106,0,0,0",15.0,english
546,108.8,97.9,114.4,90.72,"136,1,1,0",15.0,english
547,89.6,93.02,100.8,68.29,"112,2,2,0",15.0,english
548,105.6,95.0,105.6,69.78,"132,0,0,0",15.0,english
549,104.8,94.12,122.4,84.31,"131,6,0,0",15.0,english
550,93.6,91.18,107.2,82.69,"117,6,1,0",15.0,english
551,107.2,97.84,111.2,83.07,"134,2,0,0",15.0,english
552,102.4,93.66,110.4,73.32,"128,4,0,0",15.0,english
553,99.2,95.0,111.2,81.79,"124,4,0,1",15.0,english
554,107.2,92.11,120.8,79.34,"134,7,1,1",15.0,english
555,99.2,96.21,104.0,74.36,"124,2,0,0",15.0,english
556,100.8,95.04,111.2,72.87,"126,2,1,0",15.0,english
557,95.2,94.07,105.6,67.8,"119,4,0,0",15.0,english
558,104.0,95.74,109.6,77.42,"130,2,0,0",15.0,english
559,102.4,96.99,106.4,77.12,"128,2,1,0",15.0,english
560,109.6,100.0,109.6,78.52,"137,0,0,0",15.0,english
561,111.2,97.89,111.2,78.57,"139,0,0,0",15.0,english
562,116.0,98.64,116.0,74.13,"145,0,0,0",15.0,english
563,105.6,100.0,105.6,77.58,"132,0,0,0",15.0,english
564,108.0,97.89,113.6,81.56,"135,2,0,0",15.0,english
565,112.0,97.26,115.2,76.73,"140,2,0,0",15.0,english
566,112.0,98.62,112.0,80.49,"140,0,0,0",15.0,english
567,91.2,93.85,101.6,71.84,"114,3,1,0",15.0,english
568,91.2,95.16,98.4,71.22,"114,4,0,0",15.0,english
569,104.8,99.26,104.8,72.19,"131,0,0,0",15.0,english
570,97.6,90.0,118.4,74.7,"122,7,3,0",15.0,english
571,109.6,97.95,116.8,86.75,"137,1,1,0",15.0,english
572,103.2,98.47,103.2,73.4,"129,0,0,0",15.0,english
573,113.6,97.35,120.8,75.01,"142,2,1,0",15.0,english
574,78.4,86.03,106.4,75.02,"98,10,2,1",15.0,english
575,96.8,89.04,115.2,72.57,"121,6,4,0",15.0,english
576,124.0,96.91,129.6,88.19,"155,3,1,0",15.0,english
577,96.0,96.18,103.2,70.3,"120,2,0,0",15.0,english
578,116.8,96.15,124.8,90.19,"146,4,0,0",15.0,english
579,108.8,96.6,115.2,72.57,"136,2,0,0",15.0,english
580,98.4,94.7,98.4,71.19,"123,0,0,0",15.0,english
581,75.2,82.84,100.0,74.32,"94,9,3,1",15.0,english
582,102.4,95.07,109.6,68.0,"128,1,1,0",15.0,english
583,108.73,93.84,115.12,77.04,"136,5,1,0",15.01,english
584,91.2,91.41,97.6,70.09,"114,4,0,0",15.0,english
585,80.0,84.25,96.8,64.48,"100,10,3,0",15.0,english
586,90.4,90.51,100.8,69.85,"113,2,1,0",15.0,english
587,99.2,97.64,99.2,75.28,"124,0,0,0",15.0,english
588,96.0,87.33,120.0,77.79,"120,10,4,1",15.0,english
589,113.6,96.1,123.2,86.01,"142,4,0,0",15.0,english
590,98.4,92.81,108.8,79.73,"123,4,1,0",15.0,english
591,90.4,88.73,111.2,69.42,"113,9,1,1",15.0,english
592,120.8,97.52,128.8,77.31,"151,3,0,0",15.0,english
593,91.2,85.53,121.6,89.89,"114,14,2,0",15.0,english
594,104.0,97.83,108.8,75.15,"130,0,0,1",15.0,english
595,98.4,95.59,108.0,71.39,"123,4,0,0",15.0,english
596,99.2,96.99,104.8,72.42,"124,0,1,0",15.0,english
597,93.6,96.06,100.0,70.79,"117,2,0,0",15.0,english
598,113.6,98.0,120.0,81.03,"142,2,0,0",15.0,english
599,101.6,97.06,106.4,74.07,"127,2,0,0",15.0,english
600,93.6,89.73,112.0,67.2,"117,7,2,2",15.0,english
601,103.2,97.73,103.2,66.25,"129,0,0,0",15.0,english
602,103.2,97.79,108.8,71.96,"129,1,1,0",15.0,english
603,87.2,95.0,93.6,71.87,"109,2,0,0",15.0,english
604,108.8,95.83,113.6,81.06,"136,3,0,1",15.0,english
605,104.8,97.08,105.6,68.81,"131,1,0,0",15.0,english
606,98.4,96.15,101.6,71.22,"123,2,0,0",15.0,english
607,96.8,92.09,107.2,72.57,"121,5,0,1",15.0,english
608,103.2,95.74,109.6,75.49,"129,2,0,0",15.0,english
609,82.4,85.5,98.4,64.17,"103,8,0,2",15.0,english
610,89.6,93.8,101.6,73.22,"112,3,1,0",15.0,english
611,89.6,96.58,89.6,62.21,"112,0,0,0",15.0,english
612,93.6,97.5,93.6,62.93,"117,0,0,0",15.0,english
613,95.2,95.52,107.2,72.74,"119,4,0,0",15.0,english
614,103.2,96.38,108.0,71.6,"129,0,1,0",15.0,english
615,114.4,99.31,114.4,85.05,"143,0,0,0",15.0,english
616,93.6,86.99,116.8,81.44,"117,11,3,0",15.0,english
617,83.2,86.43,110.4,77.3,"104,12,0,2",15.0,english
618,115.2,95.51,124.8,82.52,"144,5,0,1",15.0,english
619,89.6,90.15,100.8,62.85,"112,5,0,2",15.0,english
620,92.0,93.75,99.2,68.31,"115,2,1,0",15.0,english
621,97.6,93.94,105.6,71.19,"122,5,1,1",15.0,english
622,112.8,96.79,124.8,79.89,"141,2,1,0",15.0,english
623,93.6,92.65,108.0,78.14,"117,5,1,0",15.0,english
624,112.8,100.0,112.8,80.66,"141,0,0,0",15.0,english
625,110.4,95.33,117.6,74.7,"138,2,0,1",15.0,english
626,123.2,98.11,127.2,79.39,"154,2,0,0",15.0,english
627,110.4,96.1,123.2,77.1,"138,4,0,0",15.0,english
628,104.0,98.5,104.0,71.21,"130,0,0,0",15.0,english
629,108.8,99.27,108.8,79.28,"136,0,0,0",15.0,english
630,92.0,92.09,109.6,75.25,"115,6,0,0",15.0,english
631,95.2,91.49,112.0,81.05,"119,7,1,1",15.0,english
632,97.6,90.41,115.2,72.31,"122,8,1,0",15.0,english
633,98.33,89.58,111.93,71.34,"123,7,2,1",15.01,english
634,96.8,89.47,121.6,70.98,"121,9,2,0",15.0,english
635,108.8,92.45,127.2,79.39,"136,6,3,0",15.0,english
636,92.0,91.47,100.8,76.44,"115,5,1,0",15.0,english
637,96.8,96.8,96.8,61.65,"121,0,0,0",15.0,english
638,92.8,90.98,104.8,72.42,"116,6,1,0",15.0,english
639,88.8,91.41,100.0,70.4,"111,5,1,0",15.0,english
640,106.33,95.07,110.33,76.26,"133,2,0,0",15.01,english
641,124.0,98.73,124.0,81.37,"155,0,0,0",15.0,english
642,112.0,94.59,114.4,79.44,"140,2,0,1",15.0,english
643,102.4,94.2,107.2,75.15,"128,2,1,0",15.0,english
644,112.8,98.6,112.8,79.07,"141,0,0,0",15.0,english
645,92.8,93.08,100.8,69.14,"116,4,0,1",15.0,english
646,114.4,98.62,114.4,81.62,"143,0,0,0",15.0,english
647,100.8,90.2,120.8,73.65,"126,7,2,0",15.0,english
648,109.6,95.97,116.0,70.03,"137,2,0,0",15.0,english
649,112.8,100.0,112.8,86.66,"141,0,0,0",15.0,english
650,110.4,100.0,110.4,74.53,"138,0,0,0",15.0,english
651,92.8,95.42,104.8,75.1,"116,4,0,0",15.0,english
652,100.0,94.24,109.6,77.9,"125,4,0,0",15.0,english
653,105.6,97.06,105.6,61.92,"132,0,0,0",15.0,english
654,96.0,85.62,112.8,66.56,"120,11,2,0",15.0,english
655,104.0,94.96,108.0,70.92,"130,2,0,0",15.0,english
656,111.2,96.6,115.2,74.68,"139,2,0,0",15.0,english
657,106.33,95.68,107.13,79.73,"133,1,0,0",15.01,english
658,104.0,98.48,104.0,70.02,"130,0,0,0",15.0,english
659,100.8,95.45,100.8,64.75,"126,0,0,0",15.0,english
660,110.4,94.56,110.4,78.86,"138,0,0,0",15.0,english
661,128.0,100.0,128.0,88.82,"160,0,0,0",15.0,english
662,117.6,100.0,117.6,84.55,"147,0,0,0",15.0,english
663,108.0,97.2,112.8,72.68,"135,2,0,0",15.0,english
664,106.4,94.48,115.2,81.24,"133,3,2,0",15.0,english
665,104.73,97.79,108.73,78.14,"131,2,0,0",15.01,english
666,102.4,91.95,115.2,72.62,"128,4,2,1",15.0,english
667,103.2,92.25,108.0,71.43,"129,2,1,0",15.0,english
668,100.8,94.41,113.6,74.06,"126,3,2,0",15.0,english
669,98.4,88.08,119.2,82.43,"123,12,1,2",15.0,english
670,92.0,93.7,97.6,72.77,"115,2,0,0",15.0,english
671,92.0,95.83,92.0,66.16,"115,0,0,0",15.0,english
672,108.8,95.27,115.2,70.66,"136,2,0,0",15.0,english
673,128.0,99.39,132.0,81.82,"160,0,0,1",15.0,english
674,106.4,95.83,112.8,69.86,"133,2,0,0",15.0,english
675,107.2,97.22,113.6,71.08,"134,2,0,0",15.0,english
676,123.2,98.11,127.2,80.57,"154,2,0,0",15.0,english
677,123.2,98.77,129.6,81.11,"154,0,1,0",15.0,english
678,108.0,94.52,112.8,70.12,"135,3,0,1",15.0,english
679,108.73,97.9,114.32,73.5,"136,2,0,1",15.01,english
680,89.6,87.68,108.0,73.61,"112,10,2,0",15.0,english
681,112.8,95.51,124.8,78.13,"141,4,1,0",15.0,english
682,112.8,98.6,112.8,72.42,"141,0,0,0",15.0,english
683,99.2,89.61,122.4,73.99,"124,8,3,0",15.0,english
684,96.0,93.98,102.4,68.95,"120,3,0,1",15.0,english
685,104.8,95.71,108.0,77.3,"131,3,0,1",15.0,english
686,97.6,94.03,101.6,61.57,"122,1,0,1",15.0,english
687,119.92,98.68,119.92,69.67,"150,0,0,0",15.01,english
688,112.0,97.96,117.6,78.21,"140,1,1,0",15.0,english
689,90.4,92.91,95.2,64.48,"113,1,0,0",15.0,english
690,123.2,100.0,123.2,82.41,"154,0,0,0",15.0,english
691,114.4,94.81,123.2,88.49,"143,4,2,1",15.0,english
692,104.0,95.83,115.2,83.51,"130,4,0,0",15.0,english
693,95.2,93.01,112.8,84.27,"119,3,3,0",15.0,english
694,98.4,96.97,100.8,68.35,"123,1,0,0",15.0,english
695,90.4,92.06,90.4,67.24,"113,0,0,0",15.0,english
696,103.93,95.21,115.12,79.64,"130,4,0,0",15.01,english
697,106.4,96.48,111.2,75.95,"133,1,1,0",15.0,english
698,108.8,96.53,112.8,74.26,"136,2,0,0",15.0,english
699,100.0,94.52,114.4,70.12,"125,4,1,1",15.0,english
700,112.8,96.73,122.4,75.15,"141,2,1,0",15.0,english
701,107.2,95.77,111.2,73.88,"134,2,0,0",15.0,english
702,104.8,95.8,111.2,73.78,"131,2,0,0",15.0,english
703,118.4,96.79,124.8,81.82,"148,4,0,0",15.0,english
704,98.4,92.57,116.0,76.93,"123,4,1,0",15.0,english
705,99.2,91.67,114.4,75.71,"124,8,0,0",15.0,english
706,100.8,93.84,116.8,80.7,"126,3,3,1",15.0,english
707,100.8,90.32,124.0,75.86,"126,8,3,0",15.0,english
708,121.6,100.0,121.6,84.77,"152,0,0,0",15.0,english
709,115.2,93.55,120.0,70.72,"144,3,1,0",15.0,english
710,107.2,98.57,107.2,79.42,"134,0,0,0",15.0,english
711,109.6,92.9,124.0,85.57,"137,7,1,1",15.0,english
712,120.8,94.38,125.6,77.9,"151,4,1,0",15.0,english
713,105.6,93.75,114.4,75.41,"132,5,1,1",15.0,english
714,107.2,94.56,116.0,79.52,"134,5,0,0",15.0,english
715,112.0,99.3,112.0,70.92,"140,0,0,0",15.0,english
716,104.0,97.12,110.4,80.51,"130,2,0,0",15.0,english
717,106.4,94.7,116.8,77.49,"133,4,0,1",15.0,english
718,108.8,91.67,120.8,77.3,"136,6,0,0",15.0,english
719,109.53,98.57,109.53,69.78,"137,0,0,0",15.01,english
720,108.8,96.58,115.2,81.07,"136,2,0,0",15.0,english
721,100.0,96.27,105.6,71.25,"125,2,0,1",15.0,english
722,118.4,100.0,118.4,82.3,"148,0,0,0",15.0,english
723,112.8,96.0,118.4,78.71,"141,2,1,0",15.0,english
724,129.6,100.0,129.6,83.37,"162,0,0,0",15.0,english
725,107.2,97.22,114.4,84.88,"134,2,0,0",15.0,english
726,108.8,95.17,115.2,77.76,"136,4,1,0",15.0,english
727,99.2,96.9,99.2,67.45,"124,0,0,0",15.0,english
728,117.6,96.82,124.0,83.69,"147,2,0,0",15.0,english
729,93.6,92.48,104.0,65.83,"117,5,0,2",15.0,english
730,100.0,94.85,103.2,78.89,"125,1,0,1",15.0,english
731,96.0,93.23,100.8,68.95,"120,2,0,0",15.0,english
732,94.4,88.97,116.0,79.78,"118,9,3,0",15.0,english
733,101.6,95.62,108.0,76.06,"127,3,0,1",15.0,english
734,101.6,92.81,111.2,73.14,"127,6,2,0",15.0,english
735,95.94,93.57,111.13,72.71,"120,4,1,0",15.01,english
736,100.0,89.8,113.6,72.57,"125,7,1,0",15.0,english
737,104.8,94.33,109.6,77.42,"131,2,1,0",15.0,english
738,92.8,90.91,92.8,64.75,"116,0,0,0",15.0,english
739,101.6,90.34,112.0,69.63,"127,5,2,0",15.0,english
740,95.2,92.75,106.4,67.96,"119,4,0,0",15.0,english
741,95.2,93.13,97.6,71.2,"119,0,0,1",15.0,english
742,114.4,97.99,119.2,84.64,"143,2,0,0",15.0,english
743,104.0,91.89,113.6,80.12,"130,4,2,0",15.0,english
744,100.0,95.65,104.8,78.55,"125,0,1,0",15.0,english
745,109.6,96.6,117.6,69.92,"137,1,2,0",15.0,english
746,100.0,92.75,108.8,71.33,"125,5,1,0",15.0,english
747,108.8,96.45,108.8,77.42,"136,0,0,0",15.0,english
748,105.6,94.29,105.6,65.31,"132,0,0,0",15.0,english
749,115.2,97.35,119.2,82.43,"144,2,0,0",15.0,english
750,118.4,96.88,128.0,86.02,"148,2,1,0",15.0,english
751,126.4,98.75,126.4,83.7,"158,0,0,0",15.0,english
752,120.8,99.34,120.8,83.94,"151,0,0,0",15.0,english
753,104.8,94.48,113.6,77.13,"131,3,1,0",15.0,english
754,103.2,94.48,116.0,75.91,"129,6,0,2",15.0,english
755,114.4,95.48,121.6,73.87,"143,1,1,1",15.0,english
756,120.8,98.69,120.8,77.59,"151,0,0,0",15.0,english
757,119.92,98.08,124.72,79.29,"150,2,0,0",15.01,english
758,108.0,94.0,117.6,74.97,"135,4,1,1",15.0,english
759,100.8,92.14,107.2,73.56,"126,2,1,0",15.0,english
760,109.6,97.95,116.8,83.88,"137,2,0,0",15.0,english
761,120.8,98.08,124.8,82.52,"151,2,0,0",15.0,english
762,112.0,95.48,122.4,76.12,"140,3,1,0",15.0,english
763,108.0,94.63,112.0,72.62,"135,0,1,0",15.0,english
764,93.6,88.89,111.2,70.1,"117,5,3,0",15.0,english
765,101.6,97.78,106.4,71.03,"127,0,1,0",15.0,english
766,116.0,98.04,122.4,82.76,"145,2,0,0",15.0,english
767,96.0,88.51,116.8,76.34,"120,7,3,1",15.0,english
768,103.2,92.96,109.6,74.75,"129,3,1,0",15.0,english
769,110.4,91.82,123.2,75.69,"138,6,1,1",15.0,english
770,114.4,94.41,128.8,85.38,"143,6,0,0",15.0,english
771,104.8,90.07,120.8,75.81,"131,10,2,1",15.0,english
772,121.6,95.68,126.4,80.23,"152,2,1,0",15.0,english
773,94.4,93.8,99.2,66.09,"118,3,1,0",15.0,english
774,92.0,85.06,123.2,83.52,"115,14,3,2",15.0,english
775,103.2,98.47,103.2,75.1,"129,0,0,0",15.0,english
776,112.0,97.95,116.8,77.35,"140,2,0,1",15.0,english
777,100.0,96.24,104.0,72.73,"125,2,0,0",15.0,english
778,114.32,99.31,115.12,73.43,"143,1,0,0",15.01,english
779,93.6,91.37,109.6,73.14,"117,6,1,1",15.0,english
780,100.0,93.71,111.2,72.95,"125,4,0,0",15.0,english
781,114.4,99.31,114.4,72.89,"143,0,0,0",15.0,english
782,98.4,94.33,109.6,76.44,"123,4,0,0",15.0,english
783,109.6,94.77,121.6,75.67,"137,5,0,1",15.0,english
784,112.0,97.97,118.4,79.78,"140,2,0,0",15.0,english
785,109.6,93.38,120.8,83.19,"137,7,1,0",15.0,english
786,109.6,96.55,115.2,79.43,"137,2,1,0",15.0,english
787,104.8,97.81,104.8,76.06,"131,0,0,0",15.0,english
788,96.0,93.38,104.0,66.2,"120,0,2,0",15.0,english
789,111.2,93.46,120.8,75.15,"139,5,1,0",15.0,english
790,92.0,92.54,107.2,72.44,"115,6,1,1",15.0,english
791,116.8,94.9,125.6,88.5,"146,4,2,0",15.0,english
792,83.2,84.46,116.8,75.77,"104,14,1,1",15.0,english
793,101.6,97.78,108.0,85.95,"127,2,0,0",15.0,english
794,124.0,100.0,124.0,83.18,"155,0,0,0",15.0,english
795,107.78,95.95,118.16,77.84,"135,2,2,0",15.03,english
796,103.2,93.06,113.6,83.07,"129,6,0,1",15.0,english
797,92.8,94.35,93.6,63.2,"116,1,0,0",15.0,english
798,104.0,95.14,115.2,74.54,"130,3,2,0",15.0,english
799,108.8,93.13,128.0,84.82,"136,6,1,1",15.0,english
800,110.4,97.95,116.8,79.64,"138,2,0,0",15.0,english
801,97.6,94.07,103.2,66.55,"122,2,0,0",15.0,english
802,112.0,97.93,116.0,83.25,"140,2,0,0",15.0,english
803,119.2,99.33,119.2,76.06,"149,0,0,0",15.0,english
804,110.4,96.58,116.0,77.66,"138,2,1,0",15.0,english
805,98.33,94.03,103.13,69.02,"123,2,0,0",15.01,english
806,91.2,90.98,103.2,77.49,"114,5,2,0",15.0,english
807,118.4,100.0,118.4,78.78,"148,0,0,0",15.0,english
808,104.0,94.37,108.0,71.43,"130,2,0,0",15.0,english
809,116.8,100.0,116.8,76.43,"146,0,0,0",15.0,english
810,101.6,92.96,113.6,75.34,"127,8,0,1",15.0,english
811,97.6,94.74,102.4,71.21,"122,2,0,0",15.0,english
812,97.6,95.65,110.4,75.15,"122,4,0,0",15.0,english
813,109.6,98.56,109.6,71.19,"137,0,0,0",15.0,english
814,111.13,96.6,115.12,74.95,"139,1,0,0",15.01,english
815,104.8,99.24,104.8,76.82,"131,0,0,0",15.0,english
816,101.53,95.62,107.13,73.52,"127,1,1,0",15.01,english
817,98.4,93.71,112.0,81.29,"123,2,2,0",15.0,english
818,91.08,92.37,102.26,68.59,"114,4,1,0",15.02,english
819,93.6,92.09,110.4,70.39,"117,6,1,0",15.0,english
820,106.4,95.3,119.2,79.05,"133,3,0,3",15.0,english
821,108.8,98.55,108.8,74.22,"136,0,0,0",15.0,english
822,106.4,97.08,106.4,76.06,"133,0,0,0",15.0,english
823,106.4,95.71,109.6,76.31,"133,2,0,0",15.0,english
824,91.2,91.49,110.4,67.32,"114,5,1,1",15.0,english
825,105.6,92.16,122.4,84.73,"132,8,0,1",15.0,english
826,117.6,98.06,124.0,80.11,"147,2,0,0",15.0,english
827,96.0,91.3,105.6,66.75,"120,3,1,0",15.0,english
828,93.6,90.7,93.6,59.34,"117,0,0,0",15.0,english
829,83.2,87.8,91.2,60.89,"104,3,1,1",15.0,english
830,91.2,89.29,107.2,71.08,"114,5,1,0",15.0,english
831,119.12,98.09,125.52,84.06,"149,2,0,0",15.01,english
832,107.2,99.26,107.2,74.02,"134,0,0,0",15.0,english
833,97.6,93.94,104.0,67.81,"122,4,1,0",15.0,english
834,94.4,96.03,98.4,66.11,"118,2,0,0",15.0,english
835,65.93,96.74,72.2,48.95,"84,2,0,0",15.29,english
836,86.4,90.98,94.4,58.91,"108,5,2,0",15.0,english
837,96.8,96.03,96.8,63.44,"121,0,0,0",15.0,english
838,88.8,89.39,105.6,82.3,"111,9,2,0",15.0,english
839,105.6,100.0,105.6,81.35,"132,0,0,0",15.0,english
840,92.0,94.31,96.0,51.27,"115,4,0,0",15.0,english
841,111.2,98.61,115.2,77.24,"139,1,0,0",15.0,english
842,91.2,96.0,96.8,71.38,"114,0,0,1",15.0,english
843,99.13,94.81,105.53,65.58,"124,2,0,1",15.01,english
844,108.0,97.86,112.0,70.81,"135,2,0,0",15.0,english
845,97.6,94.7,103.2,73.37,"122,3,0,0",15.0,english
846,104.8,91.88,128.0,82.32,"131,8,1,1",15.0,english
847,100.8,90.79,120.8,83.94,"126,8,1,0",15.0,english
848,103.93,98.48,103.93,74.36,"130,0,0,0",15.01,english
849,80.0,94.5,84.0,66.5,"100,1,0,0",15.0,english
850,107.93,97.9,114.32,81.29,"135,2,0,0",15.01,english
851,100.0,97.73,104.8,69.46,"125,2,0,0",15.0,english
852,109.6,96.53,113.6,75.12,"137,2,0,0",15.0,english
853,95.2,91.79,107.2,78.97,"119,7,1,0",15.0,english
854,103.2,95.62,106.4,72.93,"129,0,1,0",15.0,english
855,99.2,96.92,103.2,76.29,"124,2,0,0",15.0,english
856,97.6,96.97,105.6,74.02,"122,2,0,0",15.0,english
857,88.8,92.42,100.8,68.35,"111,4,0,0",15.0,english
858,91.2,90.28,112.0,72.1,"114,5,2,0",15.0,english
859,96.0,91.49,109.6,71.51,"120,7,0,2",15.0,english
860,112.8,98.6,112.8,76.74,"141,0,0,0",15.0,english
861,106.4,97.2,112.8,78.04,"133,2,0,0",15.0,english
862,87.2,92.37,104.0,71.5,"109,5,1,0",15.0,english
863,108.0,100.0,108.0,80.97,"135,0,0,0",15.0,english
864,103.2,92.31,124.8,85.61,"129,7,1,0",15.0,english
865,110.4,99.28,110.4,74.63,"138,0,0,0",15.0,english
866,97.6,96.21,103.2,66.5,"122,0,1,0",15.0,english
867,96.8,93.28,105.6,74.65,"121,4,1,0",15.0,english
868,108.0,91.88,128.0,86.02,"135,8,1,1",15.0,english
869,105.6,95.86,116.0,75.04,"132,4,0,0",15.0,english
870,98.4,96.95,104.0,75.81,"123,2,0,0",15.0,english
871,107.2,92.11,121.6,83.94,"134,8,1,0",15.0,english
872,113.6,100.0,113.6,74.45,"142,0,0,0",15.0,english
873,115.2,97.99,119.2,89.3,"144,2,0,0",15.0,english
874,116.0,99.32,116.0,76.73,"145,0,0,0",15.0,english
875,104.8,93.84,116.8,81.44,"131,4,2,1",15.0,english
876,108.0,99.26,108.0,76.7,"135,0,0,0",15.0,english
877,106.33,95.21,114.32,81.44,"133,3,0,0",15.01,english
878,98.4,96.18,103.2,77.69,"123,1,1,0",15.0,english
879,113.6,95.42,121.6,80.0,"142,4,1,0",15.0,english
880,105.6,93.2,116.8,83.67,"132,6,1,0",15.0,english
881,104.0,95.71,109.6,67.82,"130,1,1,0",15.0,english
882,107.2,97.14,111.2,76.97,"134,2,0,0",15.0,english
883,111.2,91.61,123.2,85.57,"139,8,1,1",15.0,english
884,113.6,97.97,118.4,81.55,"142,1,1,0",15.0,english
885,100.8,90.54,118.4,82.69,"126,9,2,0",15.0,english
886,96.8,89.54,122.4,80.33,"121,11,1,0",15.0,english
887,105.6,95.86,113.6,80.86,"132,1,1,0",15.0,english
888,104.8,93.84,116.8,79.98,"131,5,1,1",15.0,english
889,100.8,88.24,122.4,80.99,"126,11,2,1",15.0,english
890,92.0,84.35,115.2,78.86,"115,10,5,0",15.0,english
891,97.6,92.57,118.4,87.25,"122,7,0,0",15.0,english
892,101.6,93.01,114.4,78.38,"127,7,1,0",15.0,english
