Region,Country,Vine Area ('000 ha),Cropland under vines (%),Wine produced (ML),Wine consumed (ML),Wine consumed (l/capita),Wine expenditure (US$m 2015),Per capita wine expenditure (US$ 2015),Population (millions),GDP (billion US$ real 1990),GDP per capita ('000 US$),Wine export vol. (ML),Wine import vol. (ML),Value of wine exports (US$ mill),Value of wine imports (US$ mill),Bottled still wine exports (ML),Bottled still wine imports (ML),Sparkling wine exports (ML),Sparkling wine imports (ML),Bulk wine exports (ML),Bulk wine imports (ML),Unit value exports (US$/litre),Unit value imports (US$/litre),% of global prod'n volume,% of global cons'n volume,% of '15 global wine expend.,Wine as % of alcohol cons'n volume,Exports as % of prod'n volume,Imports as % of cons'n volume,Wine self- suff.  (%),% of world export volume,% of world export value,% of world import volume,% of world import value,Index of wine comp. advant.
WEX,France,776.3333333333334,3.922786316824509,4683.799999999999,2735.634204440729,41.28582829098946,31509.75,491.8778333580426,66.59833333333333,1485.799763014323,22.309864055872115,1443.8803333333333,733.41,9523.900891666666,804.983546,1028.906283,114.32545900000001,183.35614966666665,24.507019666666665,230.03557966666665,578.2831626666666,6.593657266273037,1.1040720760033296,17.199431913509656,11.143769746153309,10.0515590320133,57.14285714277092,30.83076158062879,26.839423944741228,171.22666821915433,13.573302860392536,28.751303370399,6.902188471425684,2.4189843338927557,9.290973031294005
WEX,Italy,691.6666666666666,7.707488214011622,4905.166666666667,2113.3333333333335,34.24720546547007,16312,268.24372305875784,61.708333333333336,1101.4491726595052,17.849277612307983,2082.8863166666665,235.24711533333334,6378.417771,367.280676,1200.1578749999999,22.921098333333333,285.067024,6.380160666666666,530.7829459999999,201.58917966666664,3.0592682571755567,1.616854392158997,18.021110354564218,8.612354559694706,5.235904397874473,63.67262689756028,42.71242792070722,11.25387468481508,232.12579812019064,19.592993372334476,19.246379170571053,2.2089036346534208,1.1013081015207637,6.774276824411731
WEX,Portugal,197,9.49602122015915,642.3000000000001,445.35080949821867,42.81254804789831,3175.5,305.2528689358927,10.384048666666667,139.6865143551943,13.452028090314641,280.791,209.132843017578,861.4596666666666,139.20871933333333,217.48353033333333,41.209292,1.5347609999999998,5.356421999999999,61.150281,157.76064366666665,3.0659147764386607,0.6653800994036341,2.3574385903884774,1.8120320940318981,1.0259979540563562,63.31923890055923,43.91769018082499,52.18325061867066,139.2610020623485,2.6399684510706183,2.5980386833409805,1.9644382595728136,0.41609907073465124,7.567731250603223
WEX,Spain,975.6666666666666,5.416569699790552,3883.3333333333335,700,15.131956279195489,5455.950000000001,117.38625140803376,46.12713833333333,746.5148947120142,16.183854487512235,2349.976,66.49262566666665,3181.5335,194.80714366666666,853.1571483333333,33.812108333333335,154.62294933333337,9.066705,1332.2694373333334,15.585197333333333,1.3235440782812509,3.033952866780286,14.266654224401833,2.8481422706999755,1.7618002634474186,23.204419889502763,60.585809945088535,7.217285714285715,564.2857142857143,22.07289730286456,9.553241927158783,0.6264619639199581,0.5858369664831761,5.547238853297131
WEM,Austria,44.40733333333333,3.077699364855328,207.28966666666665,247.429,29.00430383085211,4444.7,520.5365204960999,8.553834,215.35835995360677,25.176822458047088,49.080000000000005,75.9485,172.453,240.6265,40.459503999999995,38.404903,0.9253420000000001,16.85985,7.7272185,20.561282,3.5111612115121957,3.1596984555212035,0.7608488498342306,0.9985972401888152,1.4225951901193652,33.77854289746057,23.790465844077474,30.697999054536197,86.20551836963878,0.46151989420059136,0.5199535514458936,0.7,0.7,0.5576194779421896
WEM,Bel-Lux,1,0.11198208286674133,13.464666666666666,370.5800855833334,31.44954246207762,3412.45,305.2985145622903,11.883171333333332,289.7548097243958,24.383626356678732,38.86102766666667,328.6666666666667,184.67450000000002,1194.369608,28.015424666666664,193.980327,4.29761,44.461267,5.8728370000000005,86.521278,4.611575455664983,3.6275025025104717,0.04937553316373424,1.5078068663278665,1.0955294287879784,34.30376595150241,292.6375270151918,93.77460190635485,4.15402786033906,0.36519471271374054,0.5539332995902941,3.089118715182996,3.5766601703617558,0.21531580768329578
WEM,Denmark,0,0,,169.76241124932093,30.062944502694478,3278.95,581.1447770899904,5.671993333333333,138.99546912745313,24.505576956623095,34.89333333333334,193.81500000000003,143.60366666666667,668.84,15.192055333333334,104.12376,1.0232646666666667,7.3685323333333335,16.866126333333334,78.94418933333334,4.106447365394188,3.4486692024408145,,0.6907249992216343,1.0578593001564893,45.5020920501272,,115.79477373898712,,0.32830473117238274,0.43308776940018534,1.822386841524495,2.0048770064398913,0.7337878971081148
WEM,Finland,0,0,,63.81063041641143,11.644998123316306,1191.4,218.1853771088392,5.497705666666666,128.05376441314976,23.292219005021874,8.58722544670105,76.5415,21.598447105407715,242.13899999999998,1.4460250000000001,36.1039195,0.15660400000000002,7.4124680000000005,6.9881225,32.9855765,2.5433514360497362,3.1618730712597527,,0.2596310768699928,0.37249252771432756,21.328224776445023,,120.77924868797159,,0.07990348117523821,0.06507417557503367,0.7,0.7,0.17129636649470417
WEM,Germany,100.66033333333333,0.8288471094914693,901.1666666666666,1894.332401942027,23.098654441170215,15744.599999999999,194.46619735012757,81.99133333333333,1802.702058361979,21.98649521935626,373.7906666666666,1516.1046666666668,1147.211466,2987.0329696666668,272.571684,567.687021,29.377393333333334,64.21057333333333,70.66961566666667,880.7554806666667,3.061821056539228,1.9676269189015123,3.3103226604913623,7.721448196876636,4.998544326054268,28.105167724322143,41.47315626559427,80.32603333671389,47.68325482781044,3.515370476338869,3.4579469763386963,14.252728884801462,8.94246905069184,0.42196220199194556
WEM,Greece,107.93333333333334,2.974496644295302,288.1333333333333,284.191868025038,25.8707544668364,3785.7999999999997,347.4384307373301,10.985131333333333,131.74236235791017,11.992789012740388,28.741687530517577,17.271333333333335,79.44766666666665,37.013,22.33772433333333,7.341933666666667,0.2028093333333333,2.4938556666666667,5.221252333333333,5.294429666666667,2.765103111150925,2.1792053232772925,1.0572418112536628,1.1574012877373843,1.1626956507523416,51.538762761194135,10.144435904229331,6.105226187072599,101.10081529306022,0.270312061702632,0.2398998922805816,0.16255882370347982,0.11102206463219748,1.3289687286711034
WEM,Ireland,0,0,,85.47081666632478,18.281886296678532,1214.2,263.05359532326804,4.687876333333333,118.78608419794269,25.338996968266734,1.9768176674842834,93.315,4.620513301213582,288.29833333333335,1.7707249999999999,73.24823500000001,0.06102166666666667,2.392607333333333,0.02314166666666666,1.88783,3.5450991814922044,3.1775187053749256,,0.3477614940837251,0.38390139400345813,28.282828282761805,,91.09542067904049,,0.018679422225215642,0.014029821285620823,0.8791265612317685,0.8671485365630315,0.018977819586506017
WEM,Netherlands,0.10166666666666667,0,,350,20.74932327564231,2981.55,176.81735393784123,16.930983,419.7570704163418,24.792244515061043,39.457,412.531,280.429,1355.0014999999999,34.914598,359.1501245,3.436389,12.7262105,2.111874,67.1844445,7.246344818439912,3.171873176399231,,1.4240711353499877,0.9428662759129961,35.8974358974359,,117.05771428571427,,0.36710194254584727,0.8424148622619028,3.878410424310868,4,0.23680448984382285
WEM,Sweden,0,0,,241.42436999903433,24.880781659895327,3509.2,362.0766498570233,9.794224333333334,264.98903985308465,27.055643288793156,6.390212359395345,170.69348100000002,29.195958305094404,733.6336666666666,3.6131770000000003,96.56027866666666,0.4724713333333333,15.218206666666667,3.5263259999999996,110.95261166666667,4.623223393204786,4.465416986366093,,0.9823013619590867,1.1250950883787132,49.31506849306895,,64.56183358814333,,0.06010402214160463,0.08807901485989934,1.6075189940638561,2.2001130625187852,0.1010662699324902
WEM,Switzerland,19.801,3.4835680751173705,91.12166666666667,363.8119495552002,43.687336119900465,5392.65,658.6280389933559,11.103348666666667,296.6649353811543,26.718510269948677,1.7876666666666667,248.49033333333333,144.95466666666667,1482.0206666666666,1.2269036666666668,99.068485,0.11188,18.492243333333334,0.03597033333333333,67.70396933333335,80.70595653810646,6.010078630509981,0.334680338872168,1.1089742769955497,1.8507059409932043,48.15595363532187,1.507324261014616,68.6627852576216,33.489333089179745,0.01294227552008876,0.3337693353102999,1.7570800953520378,3.36954948151009,0.18773291292705854
WEM,United Kingdom,2.4483333333333333,0.023988531379420197,4.175,1813.9440555555557,27.881798256918056,23459.4,363.7078977668544,86.74905266666666,2236.423587272242,25.78038051741847,137.366,1946.227,918.2906666666668,5918.050333333334,53.61675266666666,784.8103216666667,1.8899346666666668,136.98977466666665,37.297413666666664,479.078693,6.595835836830297,3.1150076343957536,0.015325309301970945,5.541962235911185,7.887248400584773,35.2329816129558,,107.52734305119843,0.3071601948673452,0.9969056462475748,2.1039709220057943,13.756362644889402,13.65701364925433,0.7769163968062617
WEM,Other WEM,8.036,0.7142857142857143,14,108.00709055555556,14.809278627642511,758.0499999999927,359.1527980016416,7.258,,,4.3620616666666665,111.46954032845052,21.186433325276692,571.6135570683593,2.122389,264.23331433333334,0.129144,21.828954,2.152988666666667,109.71076466666666,8.575370029202844,4.8594718684688925,0.05142435454397152,0.44007095896135423,1.2981411548068351,33.05116866708781,31.157583333333335,103.10386237340815,12.964474638534481,0.04076956361843326,0.06253977768753156,1.0466126727697007,1.6,
ECA,Bulgaria,61.666666666666664,1.549958483254913,114.83333333333333,87.92864708932835,12.241612369040785,592.6,82.02133977455728,7.183698333333334,67.47145246133691,9.392300362650284,37.307737466227216,7.047495666666666,43.21435866666667,18.390455333333335,28.809048333333333,2.671288,0.09105366666666666,0.329962,8.456025333333335,3.499845666666667,1.1521652986064763,2.7224163302411255,0.42190336852810856,0.35803159169767246,0.1960377146510365,15.530127938054447,34.738112259939925,7.979798029480551,130.25586638518737,0.3504932449042293,0.12998311056585488,0.06639062861982058,0.05542668632935943,0.8184224660440522
ECA,Croatia,25.75,2.8900112233445565,86.89999999999999,188.46786458257952,44.28439247844779,1265.4,298.36911719617865,4.248723333333334,40.47064026364128,9.525364936363143,4.066697628270467,27.444016,13.608446746297199,32.951650666666666,3.352736333333334,10.788708,0.044617333333333335,1.0220156666666667,0.6491793333333333,15.652893,3.412148985083128,1.2206783926777014,0.3187824707194193,0.7668332739802908,0.4111713670847946,53.01102629338843,4.662165601018375,11.89804959570423,44.67605137166858,0.03808348790767235,0.04105280187721772,0.25845394458714027,0.09919333525958551,0.5253334845632739
ECA,Georgia,53.800000000000004,9.627228525121556,116.2,75.07154419284397,18.724422693666117,416.05,110.97716336403445,4.011528666666667,30.37617491026758,7.572219329422943,36.90134469604492,0.18400000000000002,129.89833333333334,1.909,35.38729633333333,0.086175,0.755389,0.09461866666666667,0.7550606666666667,0.003337333333333333,3.4905893775702883,10.191192139285578,0.42649929039293116,0.30569713399681864,0.13221067306397974,37.7018890283411,32.4594384443742,0.25408489513789917,156.6152178672764,0.3487127151297687,0.3888785272149451,0.00172813856305585,0.005675261015759468,27.402233221660367
ECA,Hungary,69.57333333333334,1.5424209378407852,279.03333333333336,221.04783333333333,22.4054188605409,1207.65,122.3898213206785,9.864854333333335,87.42269933916343,8.862036517230893,63.70574933333334,26.115916,88.1135,26.4465,24.58505333333333,4.10639,5.270688,2.406881,33.39292,19.419765,1.4279799872842434,0.9529098971522838,1.0250369959431251,0.899772356385886,0.39099715230523446,30.19428814099161,22.824772444639517,11.714946849287614,127.00669544634991,0.5990882279099257,0.2645711290714693,0.24487664074222612,0.1,0.43828843753662994
ECA,Moldova,137.9,6.339497392128971,163.28333333333333,140.03628333277317,34.38717870629004,,,4.063745666666668,20.14196649013802,4.9565027298225806,116.351848,0.7996196666666666,105.83047433333331,1.6302966666666665,32.16542833333333,0.25011933333333336,2.0070196666666664,0.10288366666666666,81.70446966666667,0.4474706666666666,0.9214128717435041,2.5547424410117654,0.5999160557531872,0.5697760828454139,,50.204918032696774,71.13955578899161,0.25136342640823306,107.00798138430034,1.093941052270617,0.319475663013598,0.007550331583680135,0.0049123963363095,25.62713114046095
ECA,Romania,186.16666666666666,1.9069868521134414,365.06666666666666,420,21.37235559080976,727.15,36.51736457751414,19.654292666666667,99.57433827267026,5.066289586780529,12.421658333333333,45.02866733333334,23.768895,48.02782466666667,8.924249999999999,9.467841333333332,0.12591433333333335,2.773781666666667,2.986279666666667,32.327070666666664,1.9391277684823016,1.0925670507721528,1.3397946958459157,1.7088853624199853,0.22939473529517135,30.84455324357405,3.4249972761933463,8.132857142857143,91.47619047619048,0.11649577940380391,0.07190903993382862,0.4241709654985752,0.14481554175431188,0.18920857652708856
ECA,Russia,45,0.03608024245922933,536.6666666666666,1058.4131386881688,7.36579902494005,7555.8,52.546352020301704,143.72878433333335,1354.3162442036976,9.422721067916294,4.6218613118311564,526.3683333333333,6.723422338765462,853.9955486666667,1.5230599999999999,205.83881066666666,1.1814993333333332,29.202879333333332,0.9940130000000001,188.74409366666669,1.9266684318791452,1.6282061389712872,1.9717842333890008,4.30856083429899,2.173110763047934,12.005478147470603,0.8362933884689436,49.26522589624498,51.50505506771096,0.042875497253184465,0.020508926761927664,4.939321476000637,2.5412041108275267,0.010267629711280325
ECA,Ukraine,88,0.1974629009095261,78.968,230.5972019990776,5.124097936145135,692.5,15.328047726114724,58.408753999999995,253.25592766439044,4.335924160689859,55.6805,34.485,36.59383882141113,75.851,0.975132,17.277009,1.9335579999999999,2.709936,50.2359615,5.2681249999999995,0.6684745334441742,2.1639981423719252,0.28997477284834483,0.938248055026734,0.1934289799812658,9.137055837533653,69.92857608395471,17.361442226068352,37.686493698370036,0.517429344496376,0.11042622009168926,0.3,0.2,0.43141811022589455
ECA,Other ECA,310.6666666666667,0.45882352941176474,500.3333333333333,819.820149608724,,524.6999999999998,16.651757477969188,,,,236.04768960221352,597.673505877604,442.363762671875,1053.9515299635416,132.94692799999999,325.996447,15.532931333333332,39.18688533333333,78.69718533333334,241.81933433333333,1.8570413680958187,1.765865116018367,1.8378010901185524,3.340770832732041,2.569116685919127,10.260623098109999,47.17155871527882,73.4396375895824,61.568305033801145,2.22514334653783,1.3278514301311046,5.621182823987811,3.1589555502132303,
ANZ,Australia,133.47866666666667,0.5708488786284286,1229.1786666666667,552.169,23.117484358849282,7029.1,296.40897966406857,23.884666666666668,682.1627023190105,28.560695941008614,739.5333333333333,88.54,1671.1033333333335,573.026932779948,323.84503666666666,56.57343866666667,11.851405333333334,14.434450666666665,410.747415,18.677513,2.260152267869483,6.484058627038962,4.517873125273321,2.249551850210848,2.285077655074493,35.91221384261796,60.262850700731,16.034855887288376,222.54847666832367,6.951345066326432,5.052491647452275,0.8326957900344816,1.7189220123887967,4.096115672410886
ANZ,New Zealand,35.78966666666667,,289.66666666666663,106.81246043666665,23.352341404571366,1520.15,336.883440305852,4.574669333333333,95.47289704426561,20.869901207635326,206.06666666666663,37.47533333333333,1108.8603333333333,128.35,143.80832533333333,15.359553666666665,1.4601993333333334,3.605900333333333,68.15578133333334,18.952693666666665,5.394105905619887,3.4290982411222033,1.065265813532205,0.43524910975294423,0.49565958725643544,36.62785084692332,72.81736811404019,35.067618519873,270.61493752233145,1.936046842958983,3.351735051913195,0.3522342874973579,0.38534996750513945,15.62524096484673
USC,Canada,11.066666666666668,0.02210991787744788,54.88766666666667,498.00989999800794,13.993840528352179,9724.85,272.3383846994082,35.90924,982.8125694259465,27.369350323926284,70.00533333333334,404.68233333333336,65.84599999999999,1836.9950000000001,1.5496416666666668,277.17637033333335,0.5907153333333334,13.634365666666667,67.81602866666667,113.86723633333334,0.9424924567495453,4.551250612052311,0.20161412124273606,2.026290067730563,3.2035261744784354,25.641025640961875,127.52410905609524,77.29264016669944,10.97628782082819,0.6574314306339176,0.19925632428234763,3.806927259656334,5.515598744351903,0.07990558995649591
USC,USA,574.5333333333333,0.266276517922458,3083.7999999999997,3390.1855649999998,10.574163546832342,41822.45,130.59293468939057,429.6740883333334,14279.914552169937,33.23429301394558,569.3896666666666,1469.9120000000003,2095.2563333333333,7608.139999999999,231.892378,834.6369920000001,4.9959015,120.35839233333333,181.98474566666667,254.71925233333332,3.6815917835981886,5.167853581490321,11.329432604443602,13.682428574060705,14.80512578101168,17.911116228956473,13.641630216719577,32.12532473161952,89.98447683847695,3.9565480927779677,4.690651236208683,10.327174979995812,17.075070273944437,0.5208305688012691
LAC,Argentina,225.13333333333333,0.5631840796019901,1264.5666666666666,860.9769898298897,20.03202580263422,4006.5,92.70978219632119,43.33226033333333,473.59286797679425,10.92933681127368,265.41366666666664,3.9151403333333334,825.4915793333333,7.569528000000001,192.56966066666666,0.16114933333333334,3.9530613333333338,0.24103133333333335,68.61341366666667,3.5133913333333333,3.1108326814241756,9.309842098929005,4.634101288237332,3.5031213697636168,1.509726928089707,45.09803921560846,21.804011973080893,0.043671318100416294,176.29971740590932,2.4945296042193124,2.4954794766113095,0.03723046435836042,0.023024414646744717,6.858388614527736
LAC,Brazil,81.93333333333334,0.09100463107323101,261.06666666666666,361.2598019439717,1.747755244394409,4546,21.978461674335506,206.675142,1537.5844166505956,7.4396195003006005,2.297,85.05266666666667,6.749666666666666,299.441,1.4922719999999998,80.49199499999999,0.2334146666666667,3.8825006666666666,0.23938933333333332,0.45874733333333334,2.8533828823717733,3.541154629674549,0.9549398246144651,1.4710453892318818,1.3665595694126904,3.698630136974406,0.9948235899044832,23.595441259452397,71.72282410476903,0.021726692204110023,0.020129442432804595,0.8002499861945087,0.8982261515298774,0.016951331855751057
LAC,Chile,140.19733333333332,7.880412371134021,1152.5206666666666,225.8,12.71206932165009,1152.1999999999998,64.52606691766981,17.970262666666667,296.050421530792,16.47446267326636,866.1133333333333,2.3006666666666664,1850.6706666666666,9.846333333333332,482.70695333333333,0.7097680000000001,4.508807666666667,1.4434543333333334,373.5345236666667,0.14716766666666667,2.142639431905256,4.452486207487996,4.228170128523333,0.9187293210343636,0.40717130725781286,30.944857987111725,76.01205725080132,0.7533215234720992,537.6439326837909,8.138522630478485,5.596745106806562,0.021682185041864033,0.029662196383634095,14.394248302454884
LAC,Mexico,27.2,0.10596026490066225,39.36,172.87798583264185,1.3787680928246644,1825.25,14.466702649995273,127.00101900000001,1101.0152081892047,8.66934152858415,1.2101866783192954,59.458561333333336,5.544315360911052,229.68566833333333,0.645806,44.97173833333333,0.5468656666666666,6.605440333333334,0.017233333333333333,9.210054666666666,4.595059398443068,3.8952131990428795,0.1437032729073301,0.7034015701763126,0.6137135268457928,4.4061302681856525,3.019674885563734,31.414063357132115,22.76750264669515,0.01136403813532324,0.016799251041030288,0.559690295531721,0.6910507038501712,0.007391323799608898
LAC,Uruguay,10,0.30612244897959184,72.5,70.88144524892171,20.72850229357655,477.1,139.2732657970618,4.617023666666667,62.228020521083984,13.47795138464397,4.445577654073079,5.138294292602539,12.263099733194986,13.788883999999998,2.501953,2.6067626666666666,0.0060279999999999995,0.40007533333333334,0.8140443333333333,0.003261,2.8617669118944065,2.7771893341919967,0.26469733957778024,0.28840062917394266,0.16869817531183945,52.24992804088985,5.790401327198949,8.812112755139735,102.28346747924545,0.031370130148412396,0.027408147338445,0.038525846132186875,0.030651231637594045,0.5892595281222539
LAC,Other LAC,36,0.09183673469387754,109,202.92687895898436,0.9174725598173544,911.8999999999999,16.603713014382972,223.6482553333333,,,10.156355999999999,103.88810865299479,17.443327463439942,348.2347336106771,10.580813333333333,82.28349033333333,1.9780196666666665,11.825267000000002,0.422506,6.318631666666666,2.675771579505577,3.354043463049221,0.39795875881349035,0.8256637454632868,0.6707926414203751,4.857118969242174,18.354155045871558,62.700864770458296,53.71392915476274,0.09653210740401202,0.05300219536334416,0.9753577855468398,1.0399273904094917,
AME,Algeria,66.4,0.7868230833037091,52,57.537333333333336,1.477804483141624,1726.1,43.948094577026694,39.80028433333332,158.75618396411042,3.9888203469729935,0.23579866666666663,9.080043333333332,0.7380436666666667,9.711576666666666,0.18909600000000001,3.9264303333333337,1e-05,0.088734,0.021868333333333333,2.501723666666667,3.0951745118963685,1.0931393744088596,0.18985188493854582,0.23410644458574487,0.5657475920509419,41.961095093858944,0.5173076923076924,12.988088893008594,90.3761036312655,0.0022218145839941745,0.002214630401523372,0.08554287495674279,0.029222040318448838,4.875692773164232
AME,Morocco,43.4,0.45246038365304414,37,43.13990624982744,1.271768169596681,450.25,13.188596816299755,34.33290466666667,161.80635082406886,4.712865176862368,6.656344666666667,2.322775666666667,11.339338,13.621705666666665,0.8995700000000001,1.825684,0.0016775,0.30921400000000004,5.755656666666667,0.18812099999999998,1.8175973613936234,5.994428875623497,0.13508691812934992,0.1755265579202394,0.1507848639127472,48.837209302243814,12.74054054054054,7.012069016751978,85.7674557420903,0.062260443649405105,0.03425576381752073,0.021799885056311624,0.040857707884400164,0.03564739759742023
AME,South Africa,122.56666666666666,2.3358490566037737,1107.3999999999999,427.8822412482886,7.928288705010256,2014.6499999999999,37.158270270039736,54.719820000000006,305.55197906337827,5.583936114252171,423.6666666666667,2.588,704.8083333333333,28.548666666666666,172.1342086666667,1.2253813333333332,8.256774333333334,0.8364253333333332,305.29967833333336,0.525043,1.6639809322530086,11.193785663817025,4.065813706442533,1.7409564259729935,0.6727404966404714,21.159874608098534,38.31749334966005,0.5050454988960454,267.8306995533864,3.9835698117463303,2.125793365577544,0.024362361766293455,0.08589218666177033,0.061201766290707504
AME,Tunisia,30.8,0.4472477064220183,21.5,27.033956833225197,2.428893331864519,353.9,31.68381690897516,14.994569333333333,103.02588053916439,6.870879599731823,1.5325473333333335,0.21337466666666663,5.013748,1.4954999999999998,0.200989,0.059114,0.013454333333333332,0.08576233333333333,1.0570266666666666,,3.7149071118298287,9.226315789473684,0.07849645242651415,0.10999507885855306,0.11061034999827823,27.536231883997115,9.274418604651164,0.7768008260703679,79.52960838339482,0.012621959202822974,0.011146198722942835,0.0015379667424727517,0,0.027637674143510548
AME,Turkey,641.3666666666667,1.9508018710324089,44.707,62.19447324975123,0.8022630840710625,1339.75,17.3638730530376,105.06320600000001,1169.1966477439298,11.128507231579528,5.713102689107259,3.007,13.98479072825114,13.654000000000002,2.666222,2.0103866666666668,0.029978333333333333,0.21371166666666666,0.2822806666666667,0.09591300000000001,2.4639170616424653,4.757230133952258,0.16322515807591478,0.25305529752362194,0.4468240742383277,9.027777777750131,9.491372866266529,4.407144006177371,71.88259288003347,0.04048344900629858,0.03205529326676946,0.021864181683876088,0.03360183744275038,0.021766604393102768
AME,Other AME,500,0.1851851851851852,35,250,0.20098895784503382,1887.3000000000002,2.2095213783235814,1233.9498089189467,,,28.600985999999995,242.56782307674155,86.08108317439776,590.8394785384115,20.892804333333334,187.09436866666667,1.930549,28.345826666666667,17.87132766666667,62.59064966666666,3.1789090489582215,2.342118667906289,0.1277849225547905,1.017193668107134,0.5149990069416694,7.943942557601759,91.64409428571429,148.63787689208985,14.000000000000002,0.27013666930746827,0.26054908490201634,2.2713153860076942,1.7395806423846538,0.2759530240531724
APA,China,825.3333333333334,0.6564245810055866,1025.1788247633642,1542.4048247633643,1.120817685087207,39507.25,28.957058902067146,1375.9358710000001,15104.211221053469,10.977409296027771,7.299333333333333,524.5536666666667,363.07631499999997,1969.234333333333,7.009146666666666,388.705717,0.10790266666666666,13.131154666666667,0.18078933333333333,123.940882,46.87943991532776,3.773617508613631,3.7648679730017456,6.285461231232767,14.045392678916588,2.683361246067346,0.7223597853940721,33.776460117994596,66.69201735949407,0.06837848183580998,1.1130199139240737,4.943832026845276,5.969406447800371,0.08334520994570006
APA,Hong Kong,0,,,34.002,4.664237497569285,520.35,71.56373873041372,7.286950666666667,252.64513097886325,34.67089905446456,25.611,59.613,534.3746666666666,1344.3010000000002,24.545254,56.447496,0.4486586666666666,2.3925083333333332,0.6171506666666666,0.77102,20.468565633214233,22.45228070134921,,0.1385198323686428,0.18800281186814272,24.28619010387241,,175.25190195612524,,0.24041260768733883,1.6312417420418892,0.5610633163177625,4.068682842758995,0.5262029658903629
APA,India,119.23333333333333,0.07008738781294284,21.20583097934723,25.35,0.020767525384823734,320.95,0.25219089418192325,1311.7473566666667,5711.5126354714275,4.354125515438566,1.2160973220647175,3.665333333333333,6.393025662322998,21.158934333333335,0.35636466666666666,1.3870760000000002,0.3755533333333334,0.557985,0.463706,1.7721713333333333,5.190720793352441,5.804577180165597,0.07742244198302463,0.10226149306146723,0.1163495662717738,0.09645380533778747,6.528737155089645,13.851957139733216,89.10013016532449,0.011476047525310012,0.01921505227320955,0.034485685013035686,0.06377886332613603,0.011464898309793893
APA,Japan,17.3,0.38282805930515607,16.33066666666667,373.01125149999996,2.944477480312179,18143.65,142.9118943700459,126.656015,2890.9475804320077,22.82518979009412,0.2391466666666667,273.0449776666666,1.5069929999999998,1516.3490916928952,0.21449966666666664,180.42583266666665,0.0038733333333333332,34.316424,0.02071366666666667,58.302421,6.375415175290392,5.557295335022597,0.05816610714267425,1.5052168246758497,5.948575926526901,5.415424526535661,1.4615224581130626,73.79547564788376,4.285061141135667,0.0022403550362001708,0.004565782077926868,2.567643195845893,4.552399175407166,0.0011879956357884692
APA,Korea,16.3,0.9639266706091072,,35.68119633282677,0.7079655271434412,2515.8500000000004,49.8025232701132,50.38927999999999,1220.8877654105777,24.22911709416324,0.13239500050656,35.813591333333335,0.43976466666666664,187.89754433333334,0.09113333333333333,26.408504333333337,0.026078333333333332,3.8828920000000005,0.014200333333333334,5.510405333333334,3.99337173296809,5.25492871829706,,0.1453752007591492,0.8406386599869146,0.9944875004577868,,100.36584361215382,,0.0012477405498939418,0.0013276316919666577,0.3369672762053246,0.5657004003667255,0.0004239534502386943
APA,Malaysia,0,0,,5.968,0.1981378878807244,325.1,10.55751127686947,30.344334666666665,376.8729519346195,12.41987857287296,3.6792079999999996,10.234472333333333,52.4212658840332,90.10050433333333,3.4055026666666666,8.286736,0.12110499999999998,0.47455,0.15275666666666665,1.4365469999999998,14.689743809216353,8.918526331823262,,0.024081796587294084,0.11175819325297735,5.860261332964373,,154.4308129028778,,0.03445918755594877,0.15949633299591284,0.0964189234841404,0.2721273876231112,0.1312345120643373
APA,Philippines,0,0,,17.104666666666667,0.16939894128841618,287.1,2.8731416569480235,100.81269499999999,383.70367655854375,3.8061047426471815,0.3086666666666667,17.41333333333333,0.5085183357397715,30.532666666666668,0.215315,10.159437666666667,0.000266,0.43434466666666666,0.007446333333333333,2.7310910000000006,1.6523360789353696,1.7576739075361623,,0.06975320128226724,0.10146238708961558,0.5716561839807488,,101.69681718826975,,0.0029355979945434436,0.001548576520831335,0.16399486022155982,0.09238112566411755,0.004402326795495332
APA,Singapore,0,0,,13.932792274475098,2.509943140902511,482.9,87.76861140520896,5.603442,194.31567538491404,34.67791321564746,17.746222150349933,31.217163333333332,447.81365966666664,548.1532653333334,7.570685999999999,19.25854,9.367348999999999,10.864287666666664,0.8842123333333333,1.093867,25.243169394179148,17.513153155920772,,0.05626740300624887,0.16699380199425592,19.160758716099288,,229.334505929501,,0.16681156654282756,1.353584829889931,0.29343158001943365,1.6408653546109828,0.636920370654543
APA,Taiwan,3.9,0.3625,,20.38,0.8679133782128717,542.35,23.173765923455136,31.30666666666667,662.814,21.171656729131172,0.075116,17.7855,0.2949565999999999,146.864,0.049776,16.225184,0.0016094999999999998,1.0755595,0.023730499999999998,1.460346,4.151144289563391,8.274487362754693,,0.06115998103170522,0.18869847444674825,2.005327010722562,,123.08747664621009,,0.0007072898127510044,0.0008841313329534075,0.2,0.4,0.0005205347126128186
APA,Thailand,6.5,0.02112676056338028,,4.975,0.07335816715811075,733.55,10.811799704570785,90.69511266666667,964.8963346284072,10.638901107876755,8.776,13.751000000000001,29.396,51.3205,7.627843,7.1176475,0.1293075,0.9113525,1.019172,5.723274,3.356810508690043,3.7332100919613413,,0.020113337584492626,0.2653604906090769,0.20406796338024324,,287.0146182600315,,0.08177120917962677,0.08865661397654204,0.1,0.2,0.07056782296414543
APA,Other APA,19,0.017272727272727273,1048.5781017564798,49.88315879821778,0.05762944153227675,738.5499999999987,1.4316293005797607,870,,,13.51,42.83813253214518,16.936599230285648,368.500540140625,0.8607683333333332,32.72243066666666,0.3898643333333333,3.373798666666666,18.433519,6.206585333333333,1.127334174008655,8.464654773475461,,0.20112731400831008,0.7,,,103.74128539844236,,0.1298910693688496,0.051277956818880595,0.40161439571076457,1.0952675825520002,
